day,dau
18/11/1998,1
22/07/1999,1
25/07/1999,1
31/07/1999,1
05/08/1999,1
11/08/1999,1
14/08/1999,1
18/08/1999,1
20/08/1999,1
26/08/1999,1
30/08/1999,1
01/09/1999,1
03/09/1999,1
09/09/1999,1
14/09/1999,1
20/09/1999,1
26/09/1999,1
01/10/1999,1
05/10/1999,1
08/10/1999,1
09/10/1999,1
12/10/1999,1
16/10/1999,1
19/10/1999,1
21/10/1999,1
26/10/1999,1
29/10/1999,1
04/11/1999,1
11/11/1999,1
14/11/1999,1
15/11/1999,1
20/11/1999,1
27/11/1999,1
01/12/1999,1
08/12/1999,1
12/12/1999,1
18/12/1999,1
22/12/1999,1
27/12/1999,1
01/01/2000,1
07/01/2000,1
13/01/2000,2
15/01/2000,1
18/01/2000,1
21/01/2000,1
27/01/2000,1
31/01/2000,1
03/02/2000,1
09/02/2000,1
14/02/2000,1
18/02/2000,1
20/02/2000,1
25/02/2000,1
26/02/2000,1
02/03/2000,1
09/03/2000,1
13/03/2000,1
18/03/2000,1
22/03/2000,1
24/03/2000,1
30/03/2000,1
04/04/2000,1
08/04/2000,1
12/04/2000,1
18/04/2000,1
24/04/2000,1
26/04/2000,1
02/05/2000,1
08/05/2000,1
14/05/2000,1
19/05/2000,1
22/05/2000,1
27/05/2000,1
28/05/2000,1
31/05/2000,1
04/06/2000,1
06/06/2000,1
12/06/2000,1
15/06/2000,1
21/06/2000,1
23/06/2000,1
26/06/2000,1
02/07/2000,1
08/07/2000,1
10/07/2000,1
12/07/2000,1
17/07/2000,1
23/07/2000,1
27/07/2000,1
31/07/2000,1
03/08/2000,1
09/08/2000,1
11/08/2000,1
17/08/2000,1
18/08/2000,1
20/08/2000,1
24/08/2000,1
27/08/2000,1
01/09/2000,1
06/09/2000,1
09/09/2000,1
15/09/2000,1
16/09/2000,1
20/09/2000,1
21/09/2000,1
22/09/2000,1
26/09/2000,1
28/09/2000,1
30/09/2000,1
03/10/2000,1
10/10/2000,1
17/10/2000,1
20/10/2000,1
26/10/2000,1
01/11/2000,1
05/11/2000,1
10/11/2000,1
16/11/2000,1
21/11/2000,1
23/11/2000,1
25/11/2000,1
27/11/2000,1
01/12/2000,1
03/12/2000,1
08/12/2000,1
11/12/2000,1
13/12/2000,1
18/12/2000,1
19/12/2000,1
22/12/2000,1
24/12/2000,1
29/12/2000,1
04/01/2001,1
06/01/2001,1
11/01/2001,1
16/01/2001,1
22/01/2001,1
27/01/2001,1
02/02/2001,1
04/02/2001,1
08/02/2001,1
11/02/2001,1
14/02/2001,1
18/02/2001,1
23/02/2001,1
25/02/2001,1
03/03/2001,1
09/03/2001,1
10/03/2001,1
16/03/2001,1
22/03/2001,1
28/03/2001,1
04/04/2001,1
08/04/2001,1
13/04/2001,1
15/04/2001,1
22/04/2001,1
27/04/2001,1
29/04/2001,1
05/05/2001,1
12/05/2001,1
17/05/2001,1
20/05/2001,1
21/05/2001,1
26/05/2001,1
28/05/2001,1
30/05/2001,1
02/06/2001,1
04/06/2001,1
05/06/2001,1
07/06/2001,1
09/06/2001,1
13/06/2001,1
15/06/2001,1
18/06/2001,1
23/06/2001,1
25/06/2001,1
26/06/2001,1
28/06/2001,1
03/07/2001,1
07/07/2001,1
09/07/2001,1
14/07/2001,1
19/07/2001,1
23/07/2001,1
24/07/2001,1
29/07/2001,1
31/07/2001,1
01/08/2001,1
04/08/2001,1
11/08/2001,1
15/08/2001,1
21/08/2001,1
25/08/2001,1
29/08/2001,1
04/09/2001,1
08/09/2001,1
12/09/2001,1
19/09/2001,1
20/09/2001,1
22/09/2001,1
25/09/2001,1
29/09/2001,1
05/10/2001,1
09/10/2001,1
13/10/2001,1
18/10/2001,1
24/10/2001,1
28/10/2001,1
03/11/2001,1
07/11/2001,1
12/11/2001,1
13/11/2001,1
17/11/2001,1
20/11/2001,1
27/11/2001,1
01/12/2001,1
04/12/2001,1
07/12/2001,1
12/12/2001,1
14/12/2001,1
18/12/2001,1
24/12/2001,1
26/12/2001,1
30/12/2001,2
05/01/2002,1
12/01/2002,1
16/01/2002,1
18/01/2002,1
20/01/2002,1
26/01/2002,1
30/01/2002,1
03/02/2002,1
09/02/2002,1
12/02/2002,1
13/02/2002,2
18/02/2002,1
19/02/2002,1
20/02/2002,1
25/02/2002,1
26/02/2002,1
03/03/2002,1
05/03/2002,1
10/03/2002,1
12/03/2002,1
14/03/2002,1
18/03/2002,1
24/03/2002,1
26/03/2002,1
27/03/2002,1
02/04/2002,1
06/04/2002,1
12/04/2002,1
19/04/2002,1
21/04/2002,1
25/04/2002,1
27/04/2002,1
29/04/2002,1
01/05/2002,1
05/05/2002,1
07/05/2002,1
10/05/2002,1
11/05/2002,1
16/05/2002,1
18/05/2002,1
22/05/2002,1
24/05/2002,1
25/05/2002,1
29/05/2002,1
01/06/2002,1
05/06/2002,1
07/06/2002,1
08/06/2002,1
10/06/2002,1
11/06/2002,1
13/06/2002,1
15/06/2002,2
18/06/2002,1
20/06/2002,1
23/06/2002,1
24/06/2002,1
25/06/2002,1
29/06/2002,1
05/07/2002,1
08/07/2002,1
09/07/2002,1
15/07/2002,1
16/07/2002,1
17/07/2002,1
19/07/2002,1
20/07/2002,2
23/07/2002,1
26/07/2002,1
28/07/2002,1
30/07/2002,1
04/08/2002,1
10/08/2002,1
14/08/2002,1
18/08/2002,1
19/08/2002,1
22/08/2002,1
26/08/2002,1
29/08/2002,1
31/08/2002,1
03/09/2002,1
09/09/2002,1
12/09/2002,1
16/09/2002,1
18/09/2002,1
20/09/2002,1
25/09/2002,1
29/09/2002,1
03/10/2002,1
04/10/2002,1
10/10/2002,1
12/10/2002,1
15/10/2002,1
18/10/2002,1
21/10/2002,1
24/10/2002,1
26/10/2002,1
29/10/2002,1
01/11/2002,2
05/11/2002,1
06/11/2002,1
09/11/2002,1
11/11/2002,2
15/11/2002,1
17/11/2002,1
20/11/2002,2
22/11/2002,1
24/11/2002,2
27/11/2002,1
29/11/2002,1
30/11/2002,1
02/12/2002,1
06/12/2002,1
09/12/2002,1
12/12/2002,1
16/12/2002,1
18/12/2002,1
23/12/2002,1
29/12/2002,1
02/01/2003,1
04/01/2003,1
05/01/2003,1
07/01/2003,1
09/01/2003,1
14/01/2003,2
19/01/2003,1
20/01/2003,1
22/01/2003,1
26/01/2003,1
29/01/2003,1
01/02/2003,1
04/02/2003,2
07/02/2003,1
08/02/2003,1
09/02/2003,1
11/02/2003,1
15/02/2003,1
16/02/2003,1
19/02/2003,1
21/02/2003,1
22/02/2003,1
25/02/2003,2
27/02/2003,2
01/03/2003,1
03/03/2003,1
04/03/2003,1
05/03/2003,1
07/03/2003,2
09/03/2003,1
15/03/2003,1
19/03/2003,1
20/03/2003,1
21/03/2003,1
25/03/2003,1
26/03/2003,1
30/03/2003,1
02/04/2003,1
05/04/2003,1
09/04/2003,1
11/04/2003,1
12/04/2003,1
17/04/2003,1
23/04/2003,1
26/04/2003,1
29/04/2003,1
02/05/2003,1
04/05/2003,1
09/05/2003,1
11/05/2003,1
14/05/2003,1
19/05/2003,1
22/05/2003,1
23/05/2003,1
26/05/2003,1
27/05/2003,1
30/05/2003,2
01/06/2003,1
03/06/2003,1
08/06/2003,1
09/06/2003,1
12/06/2003,1
14/06/2003,1
15/06/2003,1
20/06/2003,1
21/06/2003,1
22/06/2003,1
23/06/2003,1
24/06/2003,1
29/06/2003,1
30/06/2003,1
01/07/2003,2
02/07/2003,1
05/07/2003,1
08/07/2003,1
13/07/2003,1
20/07/2003,2
22/07/2003,1
25/07/2003,1
28/07/2003,1
29/07/2003,1
31/07/2003,1
03/08/2003,1
04/08/2003,1
07/08/2003,1
10/08/2003,1
16/08/2003,1
20/08/2003,1
24/08/2003,2
27/08/2003,1
29/08/2003,1
01/09/2003,1
08/09/2003,1
11/09/2003,2
14/09/2003,1
17/09/2003,1
20/09/2003,1
25/09/2003,1
27/09/2003,1
29/09/2003,1
30/09/2003,1
05/10/2003,1
09/10/2003,1
13/10/2003,1
14/10/2003,1
18/10/2003,1
21/10/2003,1
27/10/2003,1
29/10/2003,1
01/11/2003,1
04/11/2003,1
11/11/2003,1
13/11/2003,1
14/11/2003,1
17/11/2003,1
20/11/2003,1
21/11/2003,1
25/11/2003,1
28/11/2003,1
29/11/2003,1
04/12/2003,1
07/12/2003,1
13/12/2003,1
14/12/2003,1
15/12/2003,2
20/12/2003,2
26/12/2003,2
28/12/2003,1
29/12/2003,1
01/01/2004,1
02/01/2004,1
06/01/2004,1
10/01/2004,1
11/01/2004,1
16/01/2004,1
22/01/2004,1
24/01/2004,1
25/01/2004,1
30/01/2004,1
04/02/2004,1
07/02/2004,1
10/02/2004,1
13/02/2004,1
20/02/2004,2
25/02/2004,2
27/02/2004,1
29/02/2004,1
03/03/2004,1
04/03/2004,1
05/03/2004,1
07/03/2004,1
10/03/2004,1
13/03/2004,2
15/03/2004,2
16/03/2004,1
21/03/2004,1
22/03/2004,1
23/03/2004,1
25/03/2004,2
28/03/2004,2
31/03/2004,1
05/04/2004,1
09/04/2004,2
14/04/2004,1
15/04/2004,1
18/04/2004,1
20/04/2004,1
21/04/2004,2
22/04/2004,1
24/04/2004,2
29/04/2004,1
30/04/2004,1
02/05/2004,1
03/05/2004,1
07/05/2004,1
09/05/2004,1
13/05/2004,1
14/05/2004,2
15/05/2004,1
17/05/2004,1
21/05/2004,1
25/05/2004,1
27/05/2004,1
29/05/2004,2
02/06/2004,1
03/06/2004,1
05/06/2004,2
06/06/2004,1
07/06/2004,1
08/06/2004,1
09/06/2004,2
11/06/2004,1
12/06/2004,1
14/06/2004,1
15/06/2004,1
16/06/2004,3
21/06/2004,1
23/06/2004,1
24/06/2004,1
26/06/2004,1
27/06/2004,1
01/07/2004,1
03/07/2004,1
07/07/2004,1
08/07/2004,1
12/07/2004,1
17/07/2004,1
18/07/2004,1
23/07/2004,1
24/07/2004,2
27/07/2004,1
28/07/2004,1
31/07/2004,1
04/08/2004,1
05/08/2004,1
06/08/2004,1
08/08/2004,1
09/08/2004,2
13/08/2004,1
14/08/2004,1
15/08/2004,1
16/08/2004,2
17/08/2004,1
20/08/2004,1
22/08/2004,1
24/08/2004,1
26/08/2004,2
27/08/2004,1
29/08/2004,2
31/08/2004,1
01/09/2004,1
04/09/2004,2
06/09/2004,1
07/09/2004,1
13/09/2004,3
16/09/2004,1
17/09/2004,1
20/09/2004,1
22/09/2004,1
23/09/2004,1
28/09/2004,2
01/10/2004,1
02/10/2004,1
04/10/2004,1
05/10/2004,1
07/10/2004,1
09/10/2004,1
10/10/2004,1
13/10/2004,1
14/10/2004,1
16/10/2004,1
17/10/2004,1
19/10/2004,1
20/10/2004,1
23/10/2004,1
25/10/2004,1
28/10/2004,1
29/10/2004,1
31/10/2004,2
01/11/2004,1
05/11/2004,1
06/11/2004,1
07/11/2004,1
12/11/2004,1
14/11/2004,2
19/11/2004,1
20/11/2004,1
22/11/2004,1
24/11/2004,1
26/11/2004,1
28/11/2004,2
30/11/2004,1
02/12/2004,1
04/12/2004,1
06/12/2004,1
08/12/2004,2
11/12/2004,1
16/12/2004,1
17/12/2004,1
20/12/2004,1
24/12/2004,1
27/12/2004,1
29/12/2004,1
01/01/2005,2
06/01/2005,1
08/01/2005,1
12/01/2005,1
14/01/2005,1
16/01/2005,1
17/01/2005,1
23/01/2005,2
25/01/2005,1
29/01/2005,1
31/01/2005,1
01/02/2005,1
07/02/2005,2
13/02/2005,1
14/02/2005,1
19/02/2005,1
20/02/2005,1
21/02/2005,1
24/02/2005,1
25/02/2005,1
26/02/2005,1
27/02/2005,2
28/02/2005,1
01/03/2005,1
04/03/2005,2
05/03/2005,1
07/03/2005,1
08/03/2005,2
09/03/2005,1
10/03/2005,1
14/03/2005,3
15/03/2005,1
16/03/2005,1
17/03/2005,1
18/03/2005,1
21/03/2005,1
22/03/2005,2
24/03/2005,1
28/03/2005,2
30/03/2005,1
01/04/2005,1
03/04/2005,2
05/04/2005,1
07/04/2005,1
10/04/2005,1
13/04/2005,1
14/04/2005,1
16/04/2005,1
17/04/2005,1
18/04/2005,1
22/04/2005,1
23/04/2005,1
24/04/2005,1
26/04/2005,1
29/04/2005,1
30/04/2005,1
01/05/2005,1
04/05/2005,1
05/05/2005,2
06/05/2005,2
08/05/2005,1
10/05/2005,1
11/05/2005,1
12/05/2005,2
14/05/2005,1
18/05/2005,2
24/05/2005,1
25/05/2005,1
26/05/2005,1
29/05/2005,1
30/05/2005,2
01/06/2005,1
03/06/2005,1
05/06/2005,1
06/06/2005,1
08/06/2005,1
10/06/2005,2
11/06/2005,1
12/06/2005,1
15/06/2005,1
16/06/2005,2
17/06/2005,1
19/06/2005,1
22/06/2005,2
23/06/2005,3
25/06/2005,1
27/06/2005,2
28/06/2005,1
29/06/2005,1
30/06/2005,1
01/07/2005,1
02/07/2005,1
03/07/2005,4
04/07/2005,1
07/07/2005,1
09/07/2005,1
10/07/2005,1
14/07/2005,1
15/07/2005,2
16/07/2005,1
17/07/2005,1
19/07/2005,1
21/07/2005,2
24/07/2005,2
25/07/2005,1
26/07/2005,3
28/07/2005,2
30/07/2005,1
01/08/2005,3
02/08/2005,1
04/08/2005,2
05/08/2005,2
06/08/2005,1
08/08/2005,1
10/08/2005,1
11/08/2005,1
12/08/2005,1
13/08/2005,1
15/08/2005,2
16/08/2005,1
17/08/2005,1
20/08/2005,2
22/08/2005,2
23/08/2005,1
24/08/2005,1
25/08/2005,1
26/08/2005,1
27/08/2005,1
29/08/2005,1
31/08/2005,2
02/09/2005,2
04/09/2005,1
05/09/2005,2
07/09/2005,2
08/09/2005,2
09/09/2005,1
10/09/2005,1
12/09/2005,1
14/09/2005,3
16/09/2005,1
17/09/2005,1
18/09/2005,1
19/09/2005,2
21/09/2005,1
22/09/2005,2
23/09/2005,1
24/09/2005,1
26/09/2005,2
27/09/2005,2
29/09/2005,2
30/09/2005,2
01/10/2005,2
02/10/2005,1
03/10/2005,1
04/10/2005,1
07/10/2005,2
09/10/2005,1
10/10/2005,1
11/10/2005,1
12/10/2005,1
13/10/2005,1
16/10/2005,1
18/10/2005,2
19/10/2005,1
21/10/2005,1
22/10/2005,1
25/10/2005,2
26/10/2005,2
27/10/2005,1
28/10/2005,2
31/10/2005,2
01/11/2005,3
02/11/2005,1
03/11/2005,2
04/11/2005,1
06/11/2005,2
07/11/2005,2
09/11/2005,1
10/11/2005,1
13/11/2005,3
16/11/2005,1
17/11/2005,2
18/11/2005,2
19/11/2005,1
21/11/2005,1
22/11/2005,2
24/11/2005,1
25/11/2005,1
27/11/2005,1
28/11/2005,1
01/12/2005,2
03/12/2005,1
05/12/2005,1
06/12/2005,2
08/12/2005,1
10/12/2005,2
11/12/2005,2
12/12/2005,1
15/12/2005,2
17/12/2005,1
18/12/2005,1
19/12/2005,2
20/12/2005,1
21/12/2005,1
22/12/2005,1
23/12/2005,2
24/12/2005,1
25/12/2005,1
26/12/2005,2
27/12/2005,1
28/12/2005,1
30/12/2005,2
01/01/2006,1
03/01/2006,1
04/01/2006,2
05/01/2006,1
06/01/2006,2
09/01/2006,1
11/01/2006,2
12/01/2006,1
13/01/2006,1
14/01/2006,1
15/01/2006,1
16/01/2006,1
17/01/2006,1
18/01/2006,2
21/01/2006,2
22/01/2006,1
23/01/2006,1
24/01/2006,1
26/01/2006,1
28/01/2006,2
29/01/2006,1
30/01/2006,2
31/01/2006,2
03/02/2006,1
04/02/2006,3
06/02/2006,2
07/02/2006,1
08/02/2006,1
09/02/2006,1
10/02/2006,1
11/02/2006,4
12/02/2006,1
13/02/2006,1
14/02/2006,4
17/02/2006,1
18/02/2006,4
19/02/2006,2
21/02/2006,2
22/02/2006,1
23/02/2006,2
25/02/2006,1
26/02/2006,1
27/02/2006,1
28/02/2006,1
02/03/2006,1
03/03/2006,1
04/03/2006,1
05/03/2006,1
06/03/2006,2
08/03/2006,2
10/03/2006,2
11/03/2006,2
12/03/2006,1
13/03/2006,2
15/03/2006,1
16/03/2006,1
17/03/2006,1
18/03/2006,1
19/03/2006,1
20/03/2006,1
21/03/2006,2
22/03/2006,2
23/03/2006,1
25/03/2006,2
26/03/2006,1
28/03/2006,1
29/03/2006,1
31/03/2006,1
01/04/2006,3
02/04/2006,1
03/04/2006,1
04/04/2006,3
05/04/2006,2
07/04/2006,1
08/04/2006,4
09/04/2006,1
11/04/2006,3
12/04/2006,1
14/04/2006,1
15/04/2006,2
16/04/2006,2
17/04/2006,1
18/04/2006,1
19/04/2006,2
20/04/2006,1
21/04/2006,2
22/04/2006,2
25/04/2006,1
26/04/2006,3
27/04/2006,2
29/04/2006,3
30/04/2006,2
02/05/2006,1
03/05/2006,3
04/05/2006,2
06/05/2006,2
08/05/2006,3
09/05/2006,1
10/05/2006,1
11/05/2006,3
13/05/2006,2
14/05/2006,3
15/05/2006,2
16/05/2006,3
18/05/2006,3
20/05/2006,1
21/05/2006,2
22/05/2006,2
23/05/2006,2
24/05/2006,1
25/05/2006,3
26/05/2006,1
28/05/2006,1
29/05/2006,1
30/05/2006,1
31/05/2006,3
01/06/2006,2
02/06/2006,1
03/06/2006,3
05/06/2006,3
06/06/2006,2
07/06/2006,3
08/06/2006,2
09/06/2006,1
10/06/2006,1
11/06/2006,3
12/06/2006,3
13/06/2006,3
14/06/2006,1
15/06/2006,2
16/06/2006,3
17/06/2006,3
18/06/2006,3
19/06/2006,2
20/06/2006,3
21/06/2006,3
23/06/2006,1
24/06/2006,2
25/06/2006,2
26/06/2006,1
27/06/2006,4
28/06/2006,1
30/06/2006,5
01/07/2006,1
02/07/2006,3
04/07/2006,2
05/07/2006,1
06/07/2006,2
07/07/2006,2
08/07/2006,2
10/07/2006,3
11/07/2006,3
12/07/2006,2
13/07/2006,4
14/07/2006,1
15/07/2006,2
16/07/2006,3
17/07/2006,4
18/07/2006,2
19/07/2006,4
21/07/2006,3
22/07/2006,5
23/07/2006,1
24/07/2006,3
25/07/2006,2
26/07/2006,1
27/07/2006,2
28/07/2006,1
29/07/2006,3
30/07/2006,1
31/07/2006,2
01/08/2006,3
02/08/2006,3
03/08/2006,5
04/08/2006,2
05/08/2006,1
06/08/2006,4
07/08/2006,3
08/08/2006,2
09/08/2006,2
10/08/2006,2
11/08/2006,3
12/08/2006,5
13/08/2006,2
14/08/2006,2
15/08/2006,4
16/08/2006,3
17/08/2006,2
18/08/2006,2
19/08/2006,4
20/08/2006,4
21/08/2006,2
22/08/2006,2
23/08/2006,2
24/08/2006,4
25/08/2006,3
26/08/2006,2
27/08/2006,4
28/08/2006,3
29/08/2006,2
30/08/2006,4
31/08/2006,3
01/09/2006,3
02/09/2006,2
03/09/2006,1
04/09/2006,4
05/09/2006,2
06/09/2006,3
07/09/2006,2
08/09/2006,4
09/09/2006,1
10/09/2006,3
11/09/2006,2
12/09/2006,2
13/09/2006,4
14/09/2006,2
15/09/2006,3
16/09/2006,2
17/09/2006,3
18/09/2006,6
20/09/2006,2
21/09/2006,3
22/09/2006,3
23/09/2006,2
24/09/2006,8
25/09/2006,1
26/09/2006,4
27/09/2006,1
28/09/2006,2
29/09/2006,3
01/10/2006,3
02/10/2006,3
03/10/2006,1
04/10/2006,2
05/10/2006,3
06/10/2006,2
07/10/2006,3
08/10/2006,2
09/10/2006,2
10/10/2006,5
11/10/2006,2
12/10/2006,2
13/10/2006,4
14/10/2006,4
15/10/2006,1
16/10/2006,4
18/10/2006,3
19/10/2006,1
20/10/2006,5
21/10/2006,4
22/10/2006,3
23/10/2006,2
24/10/2006,2
25/10/2006,2
26/10/2006,4
27/10/2006,5
28/10/2006,2
29/10/2006,3
30/10/2006,1
31/10/2006,3
01/11/2006,2
02/11/2006,2
03/11/2006,3
04/11/2006,2
05/11/2006,4
06/11/2006,1
07/11/2006,5
08/11/2006,2
09/11/2006,1
10/11/2006,6
11/11/2006,2
12/11/2006,2
13/11/2006,3
14/11/2006,2
15/11/2006,2
16/11/2006,1
17/11/2006,2
18/11/2006,3
19/11/2006,5
20/11/2006,2
21/11/2006,2
22/11/2006,2
23/11/2006,3
24/11/2006,2
25/11/2006,2
26/11/2006,3
27/11/2006,5
28/11/2006,2
29/11/2006,2
30/11/2006,2
01/12/2006,3
02/12/2006,2
03/12/2006,3
04/12/2006,1
05/12/2006,5
06/12/2006,1
07/12/2006,3
08/12/2006,2
09/12/2006,3
11/12/2006,5
12/12/2006,3
13/12/2006,4
14/12/2006,2
15/12/2006,1
16/12/2006,4
17/12/2006,1
18/12/2006,2
19/12/2006,4
20/12/2006,1
21/12/2006,6
23/12/2006,2
24/12/2006,4
25/12/2006,3
26/12/2006,5
27/12/2006,1
28/12/2006,5
29/12/2006,2
30/12/2006,2
31/12/2006,5
01/01/2007,1
02/01/2007,6
03/01/2007,2
04/01/2007,2
05/01/2007,4
06/01/2007,4
07/01/2007,3
08/01/2007,5
09/01/2007,4
10/01/2007,2
11/01/2007,3
12/01/2007,2
13/01/2007,2
14/01/2007,3
15/01/2007,3
16/01/2007,4
17/01/2007,6
18/01/2007,1
19/01/2007,1
20/01/2007,6
21/01/2007,3
22/01/2007,3
23/01/2007,3
24/01/2007,3
25/01/2007,5
26/01/2007,1
27/01/2007,4
28/01/2007,2
29/01/2007,8
30/01/2007,3
31/01/2007,5
01/02/2007,2
02/02/2007,2
03/02/2007,4
04/02/2007,7
05/02/2007,8
06/02/2007,1
07/02/2007,2
08/02/2007,3
09/02/2007,4
10/02/2007,4
11/02/2007,3
12/02/2007,2
13/02/2007,3
14/02/2007,3
15/02/2007,4
16/02/2007,6
17/02/2007,2
18/02/2007,3
19/02/2007,1
20/02/2007,2
21/02/2007,4
22/02/2007,3
23/02/2007,4
24/02/2007,3
25/02/2007,2
26/02/2007,4
27/02/2007,5
28/02/2007,3
01/03/2007,2
02/03/2007,6
03/03/2007,2
04/03/2007,2
05/03/2007,3
06/03/2007,4
07/03/2007,5
08/03/2007,4
09/03/2007,2
10/03/2007,2
11/03/2007,4
12/03/2007,3
13/03/2007,3
14/03/2007,2
15/03/2007,4
16/03/2007,5
17/03/2007,3
18/03/2007,4
19/03/2007,4
20/03/2007,2
21/03/2007,2
22/03/2007,4
23/03/2007,2
24/03/2007,4
25/03/2007,4
26/03/2007,2
27/03/2007,3
28/03/2007,4
29/03/2007,2
30/03/2007,4
31/03/2007,4
01/04/2007,3
02/04/2007,6
03/04/2007,2
04/04/2007,4
05/04/2007,4
06/04/2007,1
07/04/2007,3
08/04/2007,5
09/04/2007,1
10/04/2007,3
11/04/2007,4
12/04/2007,5
13/04/2007,3
14/04/2007,5
15/04/2007,7
16/04/2007,2
18/04/2007,4
19/04/2007,3
20/04/2007,6
21/04/2007,7
22/04/2007,4
23/04/2007,4
24/04/2007,1
25/04/2007,5
26/04/2007,5
27/04/2007,4
28/04/2007,1
29/04/2007,5
30/04/2007,5
01/05/2007,5
02/05/2007,1
03/05/2007,4
04/05/2007,5
05/05/2007,4
06/05/2007,3
07/05/2007,5
08/05/2007,5
09/05/2007,1
10/05/2007,5
11/05/2007,6
12/05/2007,5
13/05/2007,3
14/05/2007,6
15/05/2007,2
16/05/2007,2
17/05/2007,3
18/05/2007,2
19/05/2007,1
20/05/2007,5
21/05/2007,6
22/05/2007,4
23/05/2007,4
24/05/2007,2
25/05/2007,8
26/05/2007,1
27/05/2007,5
28/05/2007,7
29/05/2007,3
30/05/2007,3
31/05/2007,2
01/06/2007,4
02/06/2007,5
03/06/2007,4
04/06/2007,3
05/06/2007,4
06/06/2007,2
07/06/2007,4
08/06/2007,4
09/06/2007,4
11/06/2007,6
12/06/2007,4
13/06/2007,4
14/06/2007,4
15/06/2007,4
16/06/2007,5
17/06/2007,2
18/06/2007,3
19/06/2007,2
20/06/2007,5
21/06/2007,2
22/06/2007,3
23/06/2007,6
24/06/2007,2
25/06/2007,5
27/06/2007,4
28/06/2007,6
29/06/2007,5
30/06/2007,5
01/07/2007,1
02/07/2007,7
03/07/2007,3
04/07/2007,2
05/07/2007,5
06/07/2007,3
07/07/2007,4
08/07/2007,1
09/07/2007,9
10/07/2007,6
11/07/2007,2
12/07/2007,5
13/07/2007,2
14/07/2007,3
15/07/2007,3
16/07/2007,2
17/07/2007,8
18/07/2007,3
19/07/2007,5
20/07/2007,3
21/07/2007,3
22/07/2007,6
23/07/2007,1
24/07/2007,3
25/07/2007,3
26/07/2007,5
27/07/2007,4
28/07/2007,4
29/07/2007,4
30/07/2007,4
31/07/2007,5
01/08/2007,6
02/08/2007,4
03/08/2007,4
04/08/2007,4
05/08/2007,3
06/08/2007,2
07/08/2007,6
08/08/2007,2
09/08/2007,5
10/08/2007,3
11/08/2007,5
12/08/2007,5
13/08/2007,3
14/08/2007,2
15/08/2007,6
16/08/2007,1
17/08/2007,8
18/08/2007,3
19/08/2007,2
20/08/2007,5
21/08/2007,5
22/08/2007,4
23/08/2007,5
24/08/2007,2
25/08/2007,6
26/08/2007,4
27/08/2007,6
28/08/2007,4
29/08/2007,3
30/08/2007,3
31/08/2007,11
01/09/2007,4
02/09/2007,3
03/09/2007,4
04/09/2007,3
05/09/2007,7
06/09/2007,1
07/09/2007,7
08/09/2007,2
09/09/2007,7
10/09/2007,3
11/09/2007,5
12/09/2007,6
13/09/2007,3
14/09/2007,5
15/09/2007,6
16/09/2007,5
17/09/2007,5
18/09/2007,2
19/09/2007,7
20/09/2007,6
21/09/2007,4
22/09/2007,2
23/09/2007,6
24/09/2007,3
25/09/2007,5
26/09/2007,7
27/09/2007,5
28/09/2007,7
29/09/2007,5
30/09/2007,4
01/10/2007,4
02/10/2007,5
03/10/2007,7
04/10/2007,4
05/10/2007,8
06/10/2007,5
07/10/2007,5
08/10/2007,3
09/10/2007,10
10/10/2007,4
11/10/2007,5
12/10/2007,7
13/10/2007,1
14/10/2007,6
15/10/2007,5
16/10/2007,6
17/10/2007,4
18/10/2007,7
19/10/2007,3
20/10/2007,3
21/10/2007,6
22/10/2007,7
23/10/2007,3
24/10/2007,4
25/10/2007,3
26/10/2007,7
27/10/2007,3
28/10/2007,8
29/10/2007,4
30/10/2007,5
31/10/2007,9
01/11/2007,2
02/11/2007,6
03/11/2007,3
04/11/2007,2
05/11/2007,6
06/11/2007,4
07/11/2007,3
08/11/2007,4
09/11/2007,8
10/11/2007,2
11/11/2007,6
12/11/2007,3
13/11/2007,5
14/11/2007,6
15/11/2007,6
16/11/2007,5
17/11/2007,3
18/11/2007,6
19/11/2007,4
20/11/2007,6
21/11/2007,5
22/11/2007,5
23/11/2007,3
24/11/2007,2
25/11/2007,8
26/11/2007,6
27/11/2007,2
28/11/2007,3
29/11/2007,7
30/11/2007,4
01/12/2007,7
02/12/2007,4
03/12/2007,7
04/12/2007,6
05/12/2007,7
06/12/2007,3
07/12/2007,5
08/12/2007,4
09/12/2007,7
10/12/2007,5
11/12/2007,6
12/12/2007,5
13/12/2007,3
14/12/2007,7
15/12/2007,3
16/12/2007,9
17/12/2007,3
18/12/2007,1
19/12/2007,10
20/12/2007,7
21/12/2007,2
22/12/2007,6
23/12/2007,5
24/12/2007,9
25/12/2007,5
26/12/2007,6
27/12/2007,4
28/12/2007,9
29/12/2007,10
30/12/2007,4
31/12/2007,7
01/01/2008,3
02/01/2008,5
03/01/2008,8
04/01/2008,8
05/01/2008,7
06/01/2008,3
07/01/2008,4
08/01/2008,5
09/01/2008,6
10/01/2008,8
11/01/2008,4
12/01/2008,5
13/01/2008,1
14/01/2008,11
15/01/2008,6
16/01/2008,6
17/01/2008,4
18/01/2008,6
19/01/2008,10
20/01/2008,4
21/01/2008,2
22/01/2008,3
23/01/2008,4
24/01/2008,8
25/01/2008,6
26/01/2008,2
27/01/2008,5
28/01/2008,9
29/01/2008,3
30/01/2008,7
31/01/2008,7
01/02/2008,4
02/02/2008,7
03/02/2008,5
04/02/2008,3
05/02/2008,10
06/02/2008,3
07/02/2008,9
08/02/2008,2
09/02/2008,7
10/02/2008,6
11/02/2008,8
12/02/2008,3
13/02/2008,10
14/02/2008,6
15/02/2008,6
16/02/2008,6
17/02/2008,7
18/02/2008,8
19/02/2008,4
20/02/2008,3
21/02/2008,8
22/02/2008,9
23/02/2008,5
24/02/2008,6
25/02/2008,9
26/02/2008,5
27/02/2008,5
28/02/2008,8
29/02/2008,6
01/03/2008,5
02/03/2008,5
03/03/2008,6
04/03/2008,6
05/03/2008,4
06/03/2008,2
07/03/2008,8
08/03/2008,3
09/03/2008,6
10/03/2008,13
11/03/2008,3
12/03/2008,4
13/03/2008,7
14/03/2008,3
15/03/2008,9
16/03/2008,8
17/03/2008,6
18/03/2008,7
19/03/2008,3
20/03/2008,10
21/03/2008,7
22/03/2008,5
23/03/2008,6
24/03/2008,7
25/03/2008,7
26/03/2008,6
27/03/2008,4
28/03/2008,7
29/03/2008,6
30/03/2008,11
31/03/2008,4
01/04/2008,6
02/04/2008,3
03/04/2008,6
04/04/2008,10
05/04/2008,7
06/04/2008,4
07/04/2008,7
08/04/2008,12
09/04/2008,6
10/04/2008,5
11/04/2008,7
12/04/2008,8
13/04/2008,7
14/04/2008,14
15/04/2008,6
16/04/2008,8
17/04/2008,5
18/04/2008,8
19/04/2008,8
20/04/2008,4
21/04/2008,8
22/04/2008,8
23/04/2008,7
24/04/2008,7
25/04/2008,4
26/04/2008,11
27/04/2008,5
28/04/2008,14
29/04/2008,4
30/04/2008,8
01/05/2008,4
02/05/2008,3
03/05/2008,11
04/05/2008,6
05/05/2008,9
06/05/2008,6
07/05/2008,3
08/05/2008,6
09/05/2008,7
10/05/2008,10
11/05/2008,4
12/05/2008,7
13/05/2008,7
14/05/2008,8
15/05/2008,6
16/05/2008,12
17/05/2008,5
18/05/2008,11
19/05/2008,7
20/05/2008,7
21/05/2008,6
22/05/2008,7
23/05/2008,7
24/05/2008,11
25/05/2008,8
26/05/2008,7
27/05/2008,6
28/05/2008,9
29/05/2008,7
30/05/2008,7
31/05/2008,9
01/06/2008,7
02/06/2008,7
03/06/2008,9
04/06/2008,8
05/06/2008,8
06/06/2008,8
07/06/2008,7
08/06/2008,8
09/06/2008,11
10/06/2008,8
11/06/2008,7
12/06/2008,11
13/06/2008,9
14/06/2008,7
15/06/2008,10
16/06/2008,7
17/06/2008,7
18/06/2008,7
19/06/2008,9
20/06/2008,11
21/06/2008,10
22/06/2008,8
23/06/2008,8
24/06/2008,5
25/06/2008,12
26/06/2008,10
27/06/2008,12
28/06/2008,8
29/06/2008,8
30/06/2008,8
01/07/2008,14
02/07/2008,4
03/07/2008,13
04/07/2008,11
05/07/2008,7
06/07/2008,6
07/07/2008,9
08/07/2008,7
09/07/2008,12
10/07/2008,6
11/07/2008,8
12/07/2008,8
13/07/2008,11
14/07/2008,8
15/07/2008,9
16/07/2008,4
17/07/2008,11
18/07/2008,8
19/07/2008,6
20/07/2008,8
21/07/2008,4
22/07/2008,14
23/07/2008,9
24/07/2008,10
25/07/2008,6
26/07/2008,7
27/07/2008,9
28/07/2008,9
29/07/2008,10
30/07/2008,5
31/07/2008,6
01/08/2008,7
02/08/2008,5
03/08/2008,10
04/08/2008,12
05/08/2008,8
06/08/2008,6
07/08/2008,4
08/08/2008,8
09/08/2008,10
10/08/2008,10
11/08/2008,7
12/08/2008,9
13/08/2008,8
14/08/2008,13
15/08/2008,4
16/08/2008,7
17/08/2008,7
18/08/2008,8
19/08/2008,6
20/08/2008,12
21/08/2008,7
22/08/2008,8
23/08/2008,8
24/08/2008,10
25/08/2008,6
26/08/2008,12
27/08/2008,13
28/08/2008,6
29/08/2008,13
30/08/2008,11
31/08/2008,8
01/09/2008,10
02/09/2008,6
03/09/2008,13
04/09/2008,7
05/09/2008,13
06/09/2008,11
07/09/2008,6
08/09/2008,9
09/09/2008,14
10/09/2008,7
11/09/2008,14
12/09/2008,9
13/09/2008,9
14/09/2008,8
15/09/2008,12
16/09/2008,7
17/09/2008,11
18/09/2008,6
19/09/2008,4
20/09/2008,9
21/09/2008,8
22/09/2008,10
23/09/2008,8
24/09/2008,5
25/09/2008,10
26/09/2008,11
27/09/2008,12
28/09/2008,6
29/09/2008,8
30/09/2008,12
01/10/2008,9
02/10/2008,7
03/10/2008,11
04/10/2008,7
05/10/2008,5
06/10/2008,9
07/10/2008,13
08/10/2008,7
09/10/2008,11
10/10/2008,10
11/10/2008,6
12/10/2008,7
13/10/2008,9
14/10/2008,11
15/10/2008,8
16/10/2008,8
17/10/2008,5
18/10/2008,11
19/10/2008,12
20/10/2008,6
21/10/2008,7
22/10/2008,8
23/10/2008,16
24/10/2008,8
25/10/2008,7
26/10/2008,8
27/10/2008,14
28/10/2008,8
29/10/2008,10
30/10/2008,9
31/10/2008,10
01/11/2008,10
02/11/2008,10
03/11/2008,10
04/11/2008,11
05/11/2008,8
06/11/2008,11
07/11/2008,12
08/11/2008,9
09/11/2008,10
10/11/2008,10
11/11/2008,9
12/11/2008,11
13/11/2008,6
14/11/2008,15
15/11/2008,9
16/11/2008,11
17/11/2008,10
18/11/2008,9
19/11/2008,11
20/11/2008,9
21/11/2008,7
22/11/2008,12
23/11/2008,8
24/11/2008,11
25/11/2008,9
26/11/2008,8
27/11/2008,9
28/11/2008,7
29/11/2008,13
30/11/2008,5
01/12/2008,9
02/12/2008,10
03/12/2008,12
04/12/2008,9
05/12/2008,10
06/12/2008,10
07/12/2008,7
08/12/2008,10
09/12/2008,6
10/12/2008,10
11/12/2008,6
12/12/2008,9
13/12/2008,14
14/12/2008,7
15/12/2008,14
16/12/2008,8
17/12/2008,11
18/12/2008,16
19/12/2008,3
20/12/2008,14
21/12/2008,10
22/12/2008,7
23/12/2008,11
24/12/2008,11
25/12/2008,10
26/12/2008,9
27/12/2008,11
28/12/2008,9
29/12/2008,14
30/12/2008,9
31/12/2008,10
01/01/2009,8
02/01/2009,11
03/01/2009,12
04/01/2009,16
05/01/2009,8
06/01/2009,12
07/01/2009,10
08/01/2009,8
09/01/2009,10
10/01/2009,16
11/01/2009,8
12/01/2009,9
13/01/2009,12
14/01/2009,14
15/01/2009,9
16/01/2009,11
17/01/2009,9
18/01/2009,11
19/01/2009,11
20/01/2009,11
21/01/2009,11
22/01/2009,11
23/01/2009,11
24/01/2009,15
25/01/2009,9
26/01/2009,11
27/01/2009,13
28/01/2009,6
29/01/2009,16
30/01/2009,19
31/01/2009,8
01/02/2009,10
02/02/2009,19
03/02/2009,5
04/02/2009,12
05/02/2009,12
06/02/2009,12
07/02/2009,10
08/02/2009,14
09/02/2009,12
10/02/2009,14
11/02/2009,12
12/02/2009,14
13/02/2009,14
14/02/2009,11
15/02/2009,19
16/02/2009,12
17/02/2009,11
18/02/2009,16
19/02/2009,10
20/02/2009,14
21/02/2009,11
22/02/2009,15
23/02/2009,10
24/02/2009,16
25/02/2009,10
26/02/2009,13
27/02/2009,19
28/02/2009,11
01/03/2009,13
02/03/2009,17
03/03/2009,17
04/03/2009,12
05/03/2009,11
06/03/2009,16
07/03/2009,12
08/03/2009,17
09/03/2009,15
10/03/2009,10
11/03/2009,11
12/03/2009,15
13/03/2009,13
14/03/2009,10
15/03/2009,9
16/03/2009,13
17/03/2009,9
18/03/2009,15
19/03/2009,15
20/03/2009,16
21/03/2009,10
22/03/2009,15
23/03/2009,12
24/03/2009,14
25/03/2009,13
26/03/2009,11
27/03/2009,16
28/03/2009,11
29/03/2009,9
30/03/2009,13
31/03/2009,13
01/04/2009,17
02/04/2009,12
03/04/2009,13
04/04/2009,10
05/04/2009,10
06/04/2009,17
07/04/2009,15
08/04/2009,13
09/04/2009,14
10/04/2009,11
11/04/2009,15
12/04/2009,13
13/04/2009,20
14/04/2009,12
15/04/2009,12
16/04/2009,14
17/04/2009,13
18/04/2009,10
19/04/2009,20
20/04/2009,16
21/04/2009,10
22/04/2009,11
23/04/2009,9
24/04/2009,9
25/04/2009,14
26/04/2009,13
27/04/2009,14
28/04/2009,16
29/04/2009,10
30/04/2009,12
01/05/2009,15
02/05/2009,14
03/05/2009,14
04/05/2009,14
05/05/2009,14
06/05/2009,8
07/05/2009,8
08/05/2009,19
09/05/2009,12
10/05/2009,13
11/05/2009,12
12/05/2009,17
13/05/2009,10
14/05/2009,13
15/05/2009,16
16/05/2009,13
17/05/2009,11
18/05/2009,14
19/05/2009,19
20/05/2009,14
21/05/2009,17
22/05/2009,14
23/05/2009,16
24/05/2009,19
25/05/2009,11
26/05/2009,16
27/05/2009,17
28/05/2009,15
29/05/2009,14
30/05/2009,15
31/05/2009,14
01/06/2009,20
02/06/2009,10
03/06/2009,16
04/06/2009,14
05/06/2009,21
06/06/2009,17
07/06/2009,10
08/06/2009,19
09/06/2009,13
10/06/2009,14
11/06/2009,18
12/06/2009,16
13/06/2009,12
14/06/2009,14
15/06/2009,13
16/06/2009,12
17/06/2009,15
18/06/2009,19
19/06/2009,19
20/06/2009,13
21/06/2009,12
22/06/2009,13
23/06/2009,7
24/06/2009,19
25/06/2009,21
26/06/2009,17
27/06/2009,16
28/06/2009,13
29/06/2009,17
30/06/2009,13
01/07/2009,17
02/07/2009,14
03/07/2009,14
04/07/2009,16
05/07/2009,9
06/07/2009,15
07/07/2009,16
08/07/2009,13
09/07/2009,18
10/07/2009,17
11/07/2009,8
12/07/2009,13
13/07/2009,18
14/07/2009,15
15/07/2009,18
16/07/2009,16
17/07/2009,19
18/07/2009,15
19/07/2009,15
20/07/2009,18
21/07/2009,12
22/07/2009,19
23/07/2009,14
24/07/2009,15
25/07/2009,20
26/07/2009,16
27/07/2009,19
28/07/2009,15
29/07/2009,16
30/07/2009,14
31/07/2009,21
01/08/2009,19
02/08/2009,17
03/08/2009,16
04/08/2009,16
05/08/2009,25
06/08/2009,9
07/08/2009,26
08/08/2009,17
09/08/2009,13
10/08/2009,18
11/08/2009,14
12/08/2009,17
13/08/2009,17
14/08/2009,15
15/08/2009,16
16/08/2009,15
17/08/2009,20
18/08/2009,18
19/08/2009,20
20/08/2009,16
21/08/2009,21
22/08/2009,13
23/08/2009,15
24/08/2009,21
25/08/2009,12
26/08/2009,19
27/08/2009,22
28/08/2009,14
29/08/2009,11
30/08/2009,21
31/08/2009,16
01/09/2009,20
02/09/2009,21
03/09/2009,17
04/09/2009,12
05/09/2009,16
06/09/2009,17
07/09/2009,16
08/09/2009,19
09/09/2009,15
10/09/2009,16
11/09/2009,16
12/09/2009,20
13/09/2009,18
14/09/2009,17
15/09/2009,14
16/09/2009,22
17/09/2009,19
18/09/2009,15
19/09/2009,20
20/09/2009,21
21/09/2009,21
22/09/2009,20
23/09/2009,16
24/09/2009,25
25/09/2009,22
26/09/2009,16
27/09/2009,18
28/09/2009,21
29/09/2009,17
30/09/2009,21
01/10/2009,18
02/10/2009,18
03/10/2009,17
04/10/2009,19
05/10/2009,21
06/10/2009,16
07/10/2009,21
08/10/2009,19
09/10/2009,18
10/10/2009,21
11/10/2009,15
12/10/2009,20
13/10/2009,18
14/10/2009,22
15/10/2009,18
16/10/2009,15
17/10/2009,19
18/10/2009,23
19/10/2009,20
20/10/2009,20
21/10/2009,15
22/10/2009,21
23/10/2009,20
24/10/2009,16
25/10/2009,19
26/10/2009,11
27/10/2009,27
28/10/2009,19
29/10/2009,16
30/10/2009,22
31/10/2009,20
01/11/2009,23
02/11/2009,16
03/11/2009,23
04/11/2009,18
05/11/2009,12
06/11/2009,21
07/11/2009,20
08/11/2009,19
09/11/2009,24
10/11/2009,14
11/11/2009,18
12/11/2009,18
13/11/2009,25
14/11/2009,20
15/11/2009,23
16/11/2009,18
17/11/2009,24
18/11/2009,19
19/11/2009,16
20/11/2009,21
21/11/2009,21
22/11/2009,23
23/11/2009,13
24/11/2009,15
25/11/2009,20
26/11/2009,22
27/11/2009,20
28/11/2009,10
29/11/2009,20
30/11/2009,17
01/12/2009,19
02/12/2009,30
03/12/2009,18
04/12/2009,10
05/12/2009,22
06/12/2009,19
07/12/2009,17
08/12/2009,17
09/12/2009,20
10/12/2009,18
11/12/2009,22
12/12/2009,17
13/12/2009,15
14/12/2009,18
15/12/2009,25
16/12/2009,18
17/12/2009,19
18/12/2009,15
19/12/2009,18
20/12/2009,22
21/12/2009,19
22/12/2009,16
23/12/2009,20
24/12/2009,14
25/12/2009,22
26/12/2009,20
27/12/2009,18
28/12/2009,19
29/12/2009,19
30/12/2009,22
31/12/2009,23
01/01/2010,14
02/01/2010,16
03/01/2010,22
04/01/2010,23
05/01/2010,18
06/01/2010,25
07/01/2010,17
08/01/2010,21
09/01/2010,24
10/01/2010,18
11/01/2010,26
12/01/2010,23
13/01/2010,14
14/01/2010,21
15/01/2010,23
16/01/2010,19
17/01/2010,15
18/01/2010,21
19/01/2010,28
20/01/2010,21
21/01/2010,25
22/01/2010,21
23/01/2010,19
24/01/2010,22
25/01/2010,20
26/01/2010,26
27/01/2010,23
28/01/2010,17
29/01/2010,18
30/01/2010,23
31/01/2010,25
01/02/2010,19
02/02/2010,27
03/02/2010,17
04/02/2010,26
05/02/2010,17
06/02/2010,26
07/02/2010,27
08/02/2010,26
09/02/2010,20
10/02/2010,23
11/02/2010,24
12/02/2010,22
13/02/2010,19
14/02/2010,24
15/02/2010,27
16/02/2010,25
17/02/2010,19
18/02/2010,20
19/02/2010,17
20/02/2010,22
21/02/2010,24
22/02/2010,14
23/02/2010,30
24/02/2010,27
25/02/2010,25
26/02/2010,19
27/02/2010,20
28/02/2010,20
01/03/2010,23
02/03/2010,19
03/03/2010,31
04/03/2010,22
05/03/2010,26
06/03/2010,24
07/03/2010,25
08/03/2010,23
09/03/2010,23
10/03/2010,27
11/03/2010,15
12/03/2010,27
13/03/2010,29
14/03/2010,23
15/03/2010,18
16/03/2010,24
17/03/2010,24
18/03/2010,24
19/03/2010,23
20/03/2010,28
21/03/2010,24
22/03/2010,18
23/03/2010,23
24/03/2010,22
25/03/2010,30
26/03/2010,26
27/03/2010,22
28/03/2010,25
29/03/2010,22
30/03/2010,31
31/03/2010,22
01/04/2010,26
02/04/2010,23
03/04/2010,26
04/04/2010,25
05/04/2010,25
06/04/2010,26
07/04/2010,21
08/04/2010,29
09/04/2010,23
10/04/2010,30
11/04/2010,26
12/04/2010,27
13/04/2010,27
14/04/2010,24
15/04/2010,28
16/04/2010,28
17/04/2010,29
18/04/2010,31
19/04/2010,18
20/04/2010,28
21/04/2010,32
22/04/2010,29
23/04/2010,22
24/04/2010,29
25/04/2010,18
26/04/2010,27
27/04/2010,26
28/04/2010,30
29/04/2010,28
30/04/2010,25
01/05/2010,25
02/05/2010,27
03/05/2010,29
04/05/2010,24
05/05/2010,26
06/05/2010,24
07/05/2010,30
08/05/2010,25
09/05/2010,25
10/05/2010,28
11/05/2010,26
12/05/2010,20
13/05/2010,24
14/05/2010,29
15/05/2010,28
16/05/2010,22
17/05/2010,27
18/05/2010,34
19/05/2010,28
20/05/2010,33
21/05/2010,27
22/05/2010,19
23/05/2010,24
24/05/2010,27
25/05/2010,33
26/05/2010,35
27/05/2010,29
28/05/2010,30
29/05/2010,20
30/05/2010,26
31/05/2010,29
01/06/2010,25
02/06/2010,18
03/06/2010,29
04/06/2010,25
05/06/2010,26
06/06/2010,25
07/06/2010,24
08/06/2010,27
09/06/2010,24
10/06/2010,30
11/06/2010,25
12/06/2010,23
13/06/2010,29
14/06/2010,25
15/06/2010,30
16/06/2010,29
17/06/2010,28
18/06/2010,23
19/06/2010,27
20/06/2010,28
21/06/2010,31
22/06/2010,23
23/06/2010,27
24/06/2010,31
25/06/2010,30
26/06/2010,33
27/06/2010,23
28/06/2010,26
29/06/2010,24
30/06/2010,33
01/07/2010,29
02/07/2010,23
03/07/2010,27
04/07/2010,38
05/07/2010,29
06/07/2010,24
07/07/2010,30
08/07/2010,42
09/07/2010,28
10/07/2010,27
11/07/2010,31
12/07/2010,29
13/07/2010,33
14/07/2010,23
15/07/2010,34
16/07/2010,22
17/07/2010,25
18/07/2010,26
19/07/2010,27
20/07/2010,31
21/07/2010,24
22/07/2010,29
23/07/2010,24
24/07/2010,28
25/07/2010,34
26/07/2010,31
27/07/2010,29
28/07/2010,29
29/07/2010,23
30/07/2010,34
31/07/2010,30
01/08/2010,36
02/08/2010,34
03/08/2010,30
04/08/2010,25
05/08/2010,31
06/08/2010,30
07/08/2010,33
08/08/2010,26
09/08/2010,27
10/08/2010,35
11/08/2010,19
12/08/2010,41
13/08/2010,22
14/08/2010,27
15/08/2010,29
16/08/2010,40
17/08/2010,28
18/08/2010,31
19/08/2010,28
20/08/2010,31
21/08/2010,22
22/08/2010,32
23/08/2010,33
24/08/2010,30
25/08/2010,31
26/08/2010,34
27/08/2010,31
28/08/2010,28
29/08/2010,32
30/08/2010,33
31/08/2010,25
01/09/2010,26
02/09/2010,35
03/09/2010,29
04/09/2010,28
05/09/2010,36
06/09/2010,35
07/09/2010,24
08/09/2010,32
09/09/2010,33
10/09/2010,29
11/09/2010,33
12/09/2010,32
13/09/2010,33
14/09/2010,28
15/09/2010,28
16/09/2010,34
17/09/2010,35
18/09/2010,36
19/09/2010,38
20/09/2010,29
21/09/2010,30
22/09/2010,33
23/09/2010,34
24/09/2010,38
25/09/2010,40
26/09/2010,30
27/09/2010,34
28/09/2010,29
29/09/2010,32
30/09/2010,44
01/10/2010,34
02/10/2010,33
03/10/2010,34
04/10/2010,34
05/10/2010,38
06/10/2010,33
07/10/2010,32
08/10/2010,32
09/10/2010,30
10/10/2010,44
11/10/2010,27
12/10/2010,33
13/10/2010,33
14/10/2010,40
15/10/2010,37
16/10/2010,44
17/10/2010,34
18/10/2010,31
19/10/2010,37
20/10/2010,35
21/10/2010,44
22/10/2010,38
23/10/2010,30
24/10/2010,39
25/10/2010,28
26/10/2010,40
27/10/2010,35
28/10/2010,32
29/10/2010,37
30/10/2010,35
31/10/2010,42
01/11/2010,34
02/11/2010,26
03/11/2010,40
04/11/2010,35
05/11/2010,39
06/11/2010,42
07/11/2010,39
08/11/2010,38
09/11/2010,42
10/11/2010,22
11/11/2010,26
12/11/2010,30
13/11/2010,43
14/11/2010,38
15/11/2010,39
16/11/2010,39
17/11/2010,31
18/11/2010,32
19/11/2010,47
20/11/2010,31
21/11/2010,44
22/11/2010,30
23/11/2010,37
24/11/2010,36
25/11/2010,41
26/11/2010,34
27/11/2010,28
28/11/2010,32
29/11/2010,48
30/11/2010,33
01/12/2010,42
02/12/2010,36
03/12/2010,30
04/12/2010,33
05/12/2010,35
06/12/2010,35
07/12/2010,41
08/12/2010,39
09/12/2010,26
10/12/2010,40
11/12/2010,38
12/12/2010,37
13/12/2010,41
14/12/2010,23
15/12/2010,35
16/12/2010,46
17/12/2010,42
18/12/2010,37
19/12/2010,40
20/12/2010,40
21/12/2010,36
22/12/2010,41
23/12/2010,42
24/12/2010,38
25/12/2010,43
26/12/2010,44
27/12/2010,27
28/12/2010,48
29/12/2010,39
30/12/2010,39
31/12/2010,47
01/01/2011,35
02/01/2011,52
03/01/2011,42
04/01/2011,41
05/01/2011,38
06/01/2011,38
07/01/2011,37
08/01/2011,47
09/01/2011,44
10/01/2011,41
11/01/2011,38
12/01/2011,43
13/01/2011,34
14/01/2011,38
15/01/2011,37
16/01/2011,34
17/01/2011,35
18/01/2011,47
19/01/2011,30
20/01/2011,40
21/01/2011,40
22/01/2011,43
23/01/2011,48
24/01/2011,42
25/01/2011,34
26/01/2011,47
27/01/2011,37
28/01/2011,43
29/01/2011,51
30/01/2011,38
31/01/2011,47
01/02/2011,36
02/02/2011,41
03/02/2011,45
04/02/2011,39
05/02/2011,33
06/02/2011,45
07/02/2011,43
08/02/2011,44
09/02/2011,49
10/02/2011,46
11/02/2011,45
12/02/2011,42
13/02/2011,39
14/02/2011,35
15/02/2011,43
16/02/2011,42
17/02/2011,42
18/02/2011,50
19/02/2011,47
20/02/2011,40
21/02/2011,50
22/02/2011,47
23/02/2011,43
24/02/2011,38
25/02/2011,46
26/02/2011,43
27/02/2011,38
28/02/2011,45
01/03/2011,50
02/03/2011,45
03/03/2011,35
04/03/2011,48
05/03/2011,44
06/03/2011,47
07/03/2011,51
08/03/2011,41
09/03/2011,46
10/03/2011,43
11/03/2011,47
12/03/2011,43
13/03/2011,52
14/03/2011,45
15/03/2011,56
16/03/2011,46
17/03/2011,42
18/03/2011,46
19/03/2011,47
20/03/2011,50
21/03/2011,52
22/03/2011,41
23/03/2011,45
24/03/2011,45
25/03/2011,47
26/03/2011,51
27/03/2011,37
28/03/2011,45
29/03/2011,38
30/03/2011,51
31/03/2011,52
01/04/2011,48
02/04/2011,38
03/04/2011,43
04/04/2011,54
05/04/2011,36
06/04/2011,40
07/04/2011,48
08/04/2011,49
09/04/2011,44
10/04/2011,46
11/04/2011,42
12/04/2011,51
13/04/2011,47
14/04/2011,44
15/04/2011,38
16/04/2011,46
17/04/2011,40
18/04/2011,53
19/04/2011,42
20/04/2011,43
21/04/2011,50
22/04/2011,54
23/04/2011,45
24/04/2011,49
25/04/2011,42
26/04/2011,52
27/04/2011,41
28/04/2011,49
29/04/2011,55
30/04/2011,45
01/05/2011,44
02/05/2011,49
03/05/2011,50
04/05/2011,36
05/05/2011,52
06/05/2011,45
07/05/2011,57
08/05/2011,45
09/05/2011,55
10/05/2011,49
11/05/2011,38
12/05/2011,46
13/05/2011,51
14/05/2011,47
15/05/2011,56
16/05/2011,45
17/05/2011,48
18/05/2011,54
19/05/2011,57
20/05/2011,46
21/05/2011,53
22/05/2011,46
23/05/2011,50
24/05/2011,52
25/05/2011,54
26/05/2011,57
27/05/2011,47
28/05/2011,52
29/05/2011,42
30/05/2011,47
31/05/2011,49
01/06/2011,56
02/06/2011,53
03/06/2011,37
04/06/2011,54
05/06/2011,51
06/06/2011,49
07/06/2011,49
08/06/2011,46
09/06/2011,54
10/06/2011,47
11/06/2011,45
12/06/2011,60
13/06/2011,54
14/06/2011,46
15/06/2011,53
16/06/2011,49
17/06/2011,52
18/06/2011,47
19/06/2011,53
20/06/2011,44
21/06/2011,54
22/06/2011,52
23/06/2011,64
24/06/2011,54
25/06/2011,54
26/06/2011,50
27/06/2011,52
28/06/2011,48
29/06/2011,46
30/06/2011,58
01/07/2011,56
02/07/2011,65
03/07/2011,45
04/07/2011,50
05/07/2011,50
06/07/2011,54
07/07/2011,51
08/07/2011,52
09/07/2011,54
10/07/2011,60
11/07/2011,45
12/07/2011,59
13/07/2011,45
14/07/2011,62
15/07/2011,57
16/07/2011,62
17/07/2011,49
18/07/2011,50
19/07/2011,52
20/07/2011,65
21/07/2011,53
22/07/2011,53
23/07/2011,61
24/07/2011,44
25/07/2011,62
26/07/2011,58
27/07/2011,64
28/07/2011,46
29/07/2011,49
30/07/2011,66
31/07/2011,53
01/08/2011,48
02/08/2011,74
03/08/2011,50
04/08/2011,61
05/08/2011,55
06/08/2011,48
07/08/2011,57
08/08/2011,59
09/08/2011,65
10/08/2011,56
11/08/2011,60
12/08/2011,47
13/08/2011,61
14/08/2011,61
15/08/2011,62
16/08/2011,51
17/08/2011,62
18/08/2011,54
19/08/2011,57
20/08/2011,65
21/08/2011,64
22/08/2011,57
23/08/2011,64
24/08/2011,69
25/08/2011,61
26/08/2011,56
27/08/2011,56
28/08/2011,57
29/08/2011,67
30/08/2011,64
31/08/2011,57
01/09/2011,69
02/09/2011,59
03/09/2011,67
04/09/2011,64
05/09/2011,63
06/09/2011,62
07/09/2011,65
08/09/2011,66
09/09/2011,60
10/09/2011,63
11/09/2011,66
12/09/2011,62
13/09/2011,72
14/09/2011,68
15/09/2011,64
16/09/2011,65
17/09/2011,65
18/09/2011,60
19/09/2011,75
20/09/2011,62
21/09/2011,68
22/09/2011,60
23/09/2011,57
24/09/2011,58
25/09/2011,87
26/09/2011,64
27/09/2011,78
28/09/2011,63
29/09/2011,68
30/09/2011,61
01/10/2011,67
02/10/2011,66
03/10/2011,64
04/10/2011,57
05/10/2011,84
06/10/2011,70
07/10/2011,63
08/10/2011,64
09/10/2011,70
10/10/2011,75
11/10/2011,71
12/10/2011,62
13/10/2011,89
14/10/2011,62
15/10/2011,69
16/10/2011,82
17/10/2011,71
18/10/2011,62
19/10/2011,69
20/10/2011,75
21/10/2011,72
22/10/2011,65
23/10/2011,65
24/10/2011,69
25/10/2011,75
26/10/2011,70
27/10/2011,69
28/10/2011,73
29/10/2011,69
30/10/2011,59
31/10/2011,66
01/11/2011,70
02/11/2011,72
03/11/2011,55
04/11/2011,68
05/11/2011,63
06/11/2011,75
07/11/2011,68
08/11/2011,77
09/11/2011,75
10/11/2011,63
11/11/2011,75
12/11/2011,68
13/11/2011,72
14/11/2011,75
15/11/2011,78
16/11/2011,64
17/11/2011,68
18/11/2011,58
19/11/2011,73
20/11/2011,66
21/11/2011,77
22/11/2011,78
23/11/2011,68
24/11/2011,77
25/11/2011,62
26/11/2011,71
27/11/2011,88
28/11/2011,72
29/11/2011,69
30/11/2011,69
01/12/2011,65
02/12/2011,79
03/12/2011,71
04/12/2011,67
05/12/2011,78
06/12/2011,76
07/12/2011,66
08/12/2011,72
09/12/2011,84
10/12/2011,70
11/12/2011,62
12/12/2011,68
13/12/2011,62
14/12/2011,97
15/12/2011,85
16/12/2011,73
17/12/2011,65
18/12/2011,72
19/12/2011,78
20/12/2011,66
21/12/2011,77
22/12/2011,79
23/12/2011,90
24/12/2011,62
25/12/2011,64
26/12/2011,78
27/12/2011,84
28/12/2011,82
29/12/2011,69
30/12/2011,71
31/12/2011,75
01/01/2012,85
02/01/2012,83
03/01/2012,83
04/01/2012,60
05/01/2012,72
06/01/2012,74
07/01/2012,85
08/01/2012,68
09/01/2012,74
10/01/2012,77
11/01/2012,94
12/01/2012,83
13/01/2012,66
14/01/2012,73
15/01/2012,70
16/01/2012,74
17/01/2012,90
18/01/2012,81
19/01/2012,74
20/01/2012,95
21/01/2012,72
22/01/2012,73
23/01/2012,77
24/01/2012,86
25/01/2012,89
26/01/2012,83
27/01/2012,80
28/01/2012,82
29/01/2012,68
30/01/2012,99
31/01/2012,74
01/02/2012,68
02/02/2012,88
03/02/2012,74
04/02/2012,85
05/02/2012,84
06/02/2012,85
07/02/2012,80
08/02/2012,89
09/02/2012,70
10/02/2012,85
11/02/2012,75
12/02/2012,84
13/02/2012,84
14/02/2012,76
15/02/2012,84
16/02/2012,80
17/02/2012,76
18/02/2012,90
19/02/2012,79
20/02/2012,83
21/02/2012,84
22/02/2012,83
23/02/2012,82
24/02/2012,91
25/02/2012,85
26/02/2012,75
27/02/2012,90
28/02/2012,73
29/02/2012,90
01/03/2012,83
02/03/2012,74
03/03/2012,85
04/03/2012,91
05/03/2012,71
06/03/2012,99
07/03/2012,77
08/03/2012,88
09/03/2012,88
10/03/2012,82
11/03/2012,96
12/03/2012,84
13/03/2012,75
14/03/2012,91
15/03/2012,75
16/03/2012,96
17/03/2012,80
18/03/2012,95
19/03/2012,89
20/03/2012,98
21/03/2012,81
22/03/2012,88
23/03/2012,93
24/03/2012,75
25/03/2012,92
26/03/2012,93
27/03/2012,83
28/03/2012,83
29/03/2012,91
30/03/2012,110
31/03/2012,76
01/04/2012,102
02/04/2012,86
03/04/2012,88
04/04/2012,73
05/04/2012,92
06/04/2012,97
07/04/2012,93
08/04/2012,98
09/04/2012,97
10/04/2012,92
11/04/2012,88
12/04/2012,101
13/04/2012,84
14/04/2012,110
15/04/2012,83
16/04/2012,95
17/04/2012,98
18/04/2012,92
19/04/2012,90
20/04/2012,104
21/04/2012,97
22/04/2012,95
23/04/2012,95
24/04/2012,103
25/04/2012,85
26/04/2012,90
27/04/2012,91
28/04/2012,102
29/04/2012,98
30/04/2012,86
01/05/2012,97
02/05/2012,86
03/05/2012,91
04/05/2012,104
05/05/2012,93
06/05/2012,106
07/05/2012,104
08/05/2012,82
09/05/2012,92
10/05/2012,120
11/05/2012,101
12/05/2012,94
13/05/2012,93
14/05/2012,124
15/05/2012,99
16/05/2012,101
17/05/2012,108
18/05/2012,90
19/05/2012,84
20/05/2012,101
21/05/2012,112
22/05/2012,95
23/05/2012,102
24/05/2012,100
25/05/2012,86
26/05/2012,110
27/05/2012,102
28/05/2012,107
29/05/2012,98
30/05/2012,89
31/05/2012,105
01/06/2012,102
02/06/2012,99
03/06/2012,94
04/06/2012,104
05/06/2012,95
06/06/2012,84
07/06/2012,114
08/06/2012,100
09/06/2012,118
10/06/2012,104
11/06/2012,90
12/06/2012,98
13/06/2012,113
14/06/2012,89
15/06/2012,107
16/06/2012,94
17/06/2012,105
18/06/2012,110
19/06/2012,107
20/06/2012,100
21/06/2012,111
22/06/2012,98
23/06/2012,104
24/06/2012,104
25/06/2012,109
26/06/2012,95
27/06/2012,116
28/06/2012,102
29/06/2012,97
30/06/2012,115
01/07/2012,107
02/07/2012,108
03/07/2012,112
04/07/2012,103
05/07/2012,107
06/07/2012,111
07/07/2012,104
08/07/2012,95
09/07/2012,109
10/07/2012,109
11/07/2012,112
12/07/2012,102
13/07/2012,114
14/07/2012,112
15/07/2012,102
16/07/2012,93
17/07/2012,100
18/07/2012,121
19/07/2012,122
20/07/2012,107
21/07/2012,114
22/07/2012,111
23/07/2012,106
24/07/2012,113
25/07/2012,130
26/07/2012,110
27/07/2012,106
28/07/2012,106
29/07/2012,102
30/07/2012,111
31/07/2012,130
01/08/2012,114
02/08/2012,114
03/08/2012,106
04/08/2012,84
05/08/2012,130
06/08/2012,128
07/08/2012,112
08/08/2012,114
09/08/2012,99
10/08/2012,104
11/08/2012,128
12/08/2012,117
13/08/2012,107
14/08/2012,120
15/08/2012,115
16/08/2012,127
17/08/2012,128
18/08/2012,125
19/08/2012,112
20/08/2012,125
21/08/2012,120
22/08/2012,111
23/08/2012,109
24/08/2012,116
25/08/2012,126
26/08/2012,116
27/08/2012,124
28/08/2012,121
29/08/2012,115
30/08/2012,121
31/08/2012,143
01/09/2012,113
02/09/2012,124
03/09/2012,121
04/09/2012,123
05/09/2012,135
06/09/2012,131
07/09/2012,129
08/09/2012,114
09/09/2012,131
10/09/2012,118
11/09/2012,110
12/09/2012,117
13/09/2012,138
14/09/2012,116
15/09/2012,142
16/09/2012,122
17/09/2012,126
18/09/2012,118
19/09/2012,124
20/09/2012,117
21/09/2012,127
22/09/2012,130
23/09/2012,147
24/09/2012,119
25/09/2012,118
26/09/2012,122
27/09/2012,120
28/09/2012,135
29/09/2012,115
30/09/2012,126
01/10/2012,130
02/10/2012,135
03/10/2012,133
04/10/2012,121
05/10/2012,124
06/10/2012,132
07/10/2012,141
08/10/2012,120
09/10/2012,129
10/10/2012,110
11/10/2012,121
12/10/2012,128
13/10/2012,151
14/10/2012,137
15/10/2012,111
16/10/2012,126
17/10/2012,120
18/10/2012,125
19/10/2012,125
20/10/2012,138
21/10/2012,127
22/10/2012,135
23/10/2012,138
24/10/2012,129
25/10/2012,150
26/10/2012,120
27/10/2012,122
28/10/2012,132
29/10/2012,139
30/10/2012,117
31/10/2012,143
01/11/2012,132
02/11/2012,123
03/11/2012,125
04/11/2012,141
05/11/2012,140
06/11/2012,153
07/11/2012,110
08/11/2012,139
09/11/2012,139
10/11/2012,139
11/11/2012,135
12/11/2012,122
13/11/2012,137
14/11/2012,145
15/11/2012,126
16/11/2012,141
17/11/2012,138
18/11/2012,138
19/11/2012,136
20/11/2012,140
21/11/2012,155
22/11/2012,125
23/11/2012,145
24/11/2012,147
25/11/2012,121
26/11/2012,132
27/11/2012,128
28/11/2012,143
29/11/2012,142
30/11/2012,151
01/12/2012,145
02/12/2012,134
03/12/2012,151
04/12/2012,138
05/12/2012,145
06/12/2012,153
07/12/2012,127
08/12/2012,143
09/12/2012,164
10/12/2012,134
11/12/2012,158
12/12/2012,138
13/12/2012,119
14/12/2012,144
15/12/2012,125
16/12/2012,174
17/12/2012,131
18/12/2012,129
19/12/2012,143
20/12/2012,139
21/12/2012,141
22/12/2012,148
23/12/2012,143
24/12/2012,156
25/12/2012,150
26/12/2012,143
27/12/2012,141
28/12/2012,143
29/12/2012,154
30/12/2012,135
31/12/2012,146
01/01/2013,145
02/01/2013,161
03/01/2013,136
04/01/2013,152
05/01/2013,122
06/01/2013,152
07/01/2013,137
08/01/2013,160
09/01/2013,141
10/01/2013,140
11/01/2013,157
12/01/2013,141
13/01/2013,139
14/01/2013,141
15/01/2013,162
16/01/2013,143
17/01/2013,169
18/01/2013,142
19/01/2013,152
20/01/2013,143
21/01/2013,144
22/01/2013,163
23/01/2013,162
24/01/2013,143
25/01/2013,152
26/01/2013,154
27/01/2013,175
28/01/2013,156
29/01/2013,147
30/01/2013,149
31/01/2013,154
01/02/2013,162
02/02/2013,171
03/02/2013,146
04/02/2013,157
05/02/2013,153
06/02/2013,148
07/02/2013,171
08/02/2013,138
09/02/2013,161
10/02/2013,169
11/02/2013,163
12/02/2013,153
13/02/2013,168
14/02/2013,172
15/02/2013,153
16/02/2013,155
17/02/2013,155
18/02/2013,171
19/02/2013,150
20/02/2013,161
21/02/2013,175
22/02/2013,158
23/02/2013,155
24/02/2013,157
25/02/2013,172
26/02/2013,141
27/02/2013,148
28/02/2013,172
01/03/2013,155
02/03/2013,143
03/03/2013,164
04/03/2013,157
05/03/2013,150
06/03/2013,165
07/03/2013,155
08/03/2013,178
09/03/2013,170
10/03/2013,161
11/03/2013,160
12/03/2013,178
13/03/2013,149
14/03/2013,150
15/03/2013,164
16/03/2013,169
17/03/2013,153
18/03/2013,164
19/03/2013,172
20/03/2013,163
21/03/2013,144
22/03/2013,184
23/03/2013,149
24/03/2013,171
25/03/2013,163
26/03/2013,157
27/03/2013,179
28/03/2013,155
29/03/2013,152
30/03/2013,160
31/03/2013,162
01/04/2013,172
02/04/2013,162
03/04/2013,179
04/04/2013,152
05/04/2013,177
06/04/2013,168
07/04/2013,170
08/04/2013,172
09/04/2013,156
10/04/2013,165
11/04/2013,184
12/04/2013,154
13/04/2013,177
14/04/2013,164
15/04/2013,177
16/04/2013,173
17/04/2013,172
18/04/2013,174
19/04/2013,164
20/04/2013,186
21/04/2013,174
22/04/2013,177
23/04/2013,176
24/04/2013,174
25/04/2013,168
26/04/2013,163
27/04/2013,176
28/04/2013,166
29/04/2013,188
30/04/2013,180
01/05/2013,168
02/05/2013,190
03/05/2013,177
04/05/2013,156
05/05/2013,163
06/05/2013,195
07/05/2013,173
08/05/2013,179
09/05/2013,182
10/05/2013,188
11/05/2013,175
12/05/2013,170
13/05/2013,207
14/05/2013,181
15/05/2013,157
16/05/2013,174
17/05/2013,187
18/05/2013,206
19/05/2013,175
20/05/2013,176
21/05/2013,186
22/05/2013,174
23/05/2013,188
24/05/2013,176
25/05/2013,187
26/05/2013,195
27/05/2013,168
28/05/2013,207
29/05/2013,166
30/05/2013,180
31/05/2013,179
01/06/2013,172
02/06/2013,182
03/06/2013,194
04/06/2013,190
05/06/2013,174
06/06/2013,175
07/06/2013,182
08/06/2013,187
09/06/2013,177
10/06/2013,196
11/06/2013,191
12/06/2013,205
13/06/2013,170
14/06/2013,190
15/06/2013,190
16/06/2013,192
17/06/2013,192
18/06/2013,184
19/06/2013,189
20/06/2013,197
21/06/2013,197
22/06/2013,191
23/06/2013,193
24/06/2013,203
25/06/2013,193
26/06/2013,203
27/06/2013,204
28/06/2013,179
29/06/2013,203
30/06/2013,221
01/07/2013,186
02/07/2013,191
03/07/2013,188
04/07/2013,209
05/07/2013,210
06/07/2013,196
07/07/2013,204
08/07/2013,193
09/07/2013,193
10/07/2013,202
11/07/2013,197
12/07/2013,199
13/07/2013,195
14/07/2013,220
15/07/2013,162
16/07/2013,211
17/07/2013,206
18/07/2013,183
19/07/2013,192
20/07/2013,219
21/07/2013,186
22/07/2013,208
23/07/2013,206
24/07/2013,192
25/07/2013,201
26/07/2013,190
27/07/2013,217
28/07/2013,203
29/07/2013,194
30/07/2013,200
31/07/2013,200
01/08/2013,192
02/08/2013,221
03/08/2013,202
04/08/2013,172
05/08/2013,196
06/08/2013,211
07/08/2013,195
08/08/2013,194
09/08/2013,204
10/08/2013,224
11/08/2013,198
12/08/2013,209
13/08/2013,186
14/08/2013,210
15/08/2013,208
16/08/2013,210
17/08/2013,186
18/08/2013,219
19/08/2013,204
20/08/2013,218
21/08/2013,214
22/08/2013,210
23/08/2013,196
24/08/2013,180
25/08/2013,209
26/08/2013,201
27/08/2013,203
28/08/2013,205
29/08/2013,238
30/08/2013,196
31/08/2013,211
01/09/2013,211
02/09/2013,200
03/09/2013,212
04/09/2013,226
05/09/2013,209
06/09/2013,225
07/09/2013,223
08/09/2013,225
09/09/2013,199
10/09/2013,223
11/09/2013,237
12/09/2013,218
13/09/2013,225
14/09/2013,202
15/09/2013,203
16/09/2013,225
17/09/2013,250
18/09/2013,218
19/09/2013,221
20/09/2013,203
21/09/2013,243
22/09/2013,246
23/09/2013,218
24/09/2013,221
25/09/2013,214
26/09/2013,226
27/09/2013,244
28/09/2013,244
29/09/2013,216
30/09/2013,242
01/10/2013,219
02/10/2013,237
03/10/2013,242
04/10/2013,222
05/10/2013,203
06/10/2013,239
07/10/2013,240
08/10/2013,248
09/10/2013,242
10/10/2013,224
11/10/2013,227
12/10/2013,222
13/10/2013,213
14/10/2013,245
15/10/2013,243
16/10/2013,258
17/10/2013,218
18/10/2013,247
19/10/2013,244
20/10/2013,236
21/10/2013,249
22/10/2013,259
23/10/2013,220
24/10/2013,259
25/10/2013,232
26/10/2013,252
27/10/2013,234
28/10/2013,232
29/10/2013,234
30/10/2013,255
31/10/2013,257
01/11/2013,278
02/11/2013,233
03/11/2013,224
04/11/2013,245
05/11/2013,245
06/11/2013,252
07/11/2013,239
08/11/2013,256
09/11/2013,258
10/11/2013,230
11/11/2013,253
12/11/2013,269
13/11/2013,252
14/11/2013,252
15/11/2013,220
16/11/2013,251
17/11/2013,244
18/11/2013,265
19/11/2013,242
20/11/2013,265
21/11/2013,239
22/11/2013,274
23/11/2013,257
24/11/2013,253
25/11/2013,232
26/11/2013,243
27/11/2013,263
28/11/2013,265
29/11/2013,263
30/11/2013,248
01/12/2013,256
02/12/2013,256
03/12/2013,265
04/12/2013,244
05/12/2013,239
06/12/2013,258
07/12/2013,267
08/12/2013,250
09/12/2013,265
10/12/2013,242
11/12/2013,263
12/12/2013,225
13/12/2013,276
14/12/2013,260
15/12/2013,250
16/12/2013,258
17/12/2013,238
18/12/2013,267
19/12/2013,253
20/12/2013,264
21/12/2013,284
22/12/2013,278
23/12/2013,237
24/12/2013,269
25/12/2013,255
26/12/2013,276
27/12/2013,290
28/12/2013,250
29/12/2013,273
30/12/2013,264
31/12/2013,251
01/01/2014,282
02/01/2014,262
03/01/2014,250
04/01/2014,280
05/01/2014,297
06/01/2014,258
07/01/2014,281
08/01/2014,287
09/01/2014,287
10/01/2014,266
11/01/2014,281
12/01/2014,260
13/01/2014,284
14/01/2014,267
15/01/2014,277
16/01/2014,289
17/01/2014,279
18/01/2014,281
19/01/2014,273
20/01/2014,290
21/01/2014,278
22/01/2014,280
23/01/2014,255
24/01/2014,289
25/01/2014,281
26/01/2014,277
27/01/2014,304
28/01/2014,267
29/01/2014,294
30/01/2014,281
31/01/2014,293
01/02/2014,299
02/02/2014,243
03/02/2014,300
04/02/2014,270
05/02/2014,285
06/02/2014,291
07/02/2014,279
08/02/2014,280
09/02/2014,257
10/02/2014,296
11/02/2014,303
12/02/2014,280
13/02/2014,271
14/02/2014,291
15/02/2014,284
16/02/2014,294
17/02/2014,316
18/02/2014,292
19/02/2014,260
20/02/2014,288
21/02/2014,281
22/02/2014,317
23/02/2014,317
24/02/2014,300
25/02/2014,288
26/02/2014,313
27/02/2014,291
28/02/2014,336
01/03/2014,294
02/03/2014,278
03/03/2014,308
04/03/2014,313
05/03/2014,296
06/03/2014,295
07/03/2014,305
08/03/2014,306
09/03/2014,325
10/03/2014,271
11/03/2014,315
12/03/2014,313
13/03/2014,309
14/03/2014,317
15/03/2014,319
16/03/2014,326
17/03/2014,308
18/03/2014,297
19/03/2014,316
20/03/2014,329
21/03/2014,304
22/03/2014,310
23/03/2014,316
24/03/2014,319
25/03/2014,328
26/03/2014,317
27/03/2014,293
28/03/2014,319
29/03/2014,313
30/03/2014,317
31/03/2014,311
01/04/2014,325
02/04/2014,308
03/04/2014,311
04/04/2014,330
05/04/2014,328
06/04/2014,306
07/04/2014,327
08/04/2014,313
09/04/2014,329
10/04/2014,291
11/04/2014,331
12/04/2014,312
13/04/2014,320
14/04/2014,336
15/04/2014,311
16/04/2014,332
17/04/2014,315
18/04/2014,338
19/04/2014,310
20/04/2014,315
21/04/2014,335
22/04/2014,316
23/04/2014,307
24/04/2014,355
25/04/2014,339
26/04/2014,355
27/04/2014,326
28/04/2014,322
29/04/2014,339
30/04/2014,345
01/05/2014,326
02/05/2014,338
03/05/2014,318
04/05/2014,333
05/05/2014,329
06/05/2014,366
07/05/2014,353
08/05/2014,335
09/05/2014,355
10/05/2014,334
11/05/2014,335
12/05/2014,326
13/05/2014,332
14/05/2014,349
15/05/2014,352
16/05/2014,348
17/05/2014,363
18/05/2014,325
19/05/2014,362
20/05/2014,344
21/05/2014,352
22/05/2014,338
23/05/2014,340
24/05/2014,335
25/05/2014,339
26/05/2014,346
27/05/2014,372
28/05/2014,347
29/05/2014,322
30/05/2014,377
31/05/2014,365
01/06/2014,360
02/06/2014,356
03/06/2014,345
04/06/2014,352
05/06/2014,378
06/06/2014,347
07/06/2014,347
08/06/2014,357
09/06/2014,325
10/06/2014,369
11/06/2014,342
12/06/2014,357
13/06/2014,382
14/06/2014,375
15/06/2014,332
16/06/2014,347
17/06/2014,372
18/06/2014,340
19/06/2014,360
20/06/2014,354
21/06/2014,376
22/06/2014,373
23/06/2014,357
24/06/2014,345
25/06/2014,398
26/06/2014,349
27/06/2014,373
28/06/2014,381
29/06/2014,385
30/06/2014,378
01/07/2014,352
02/07/2014,358
03/07/2014,357
04/07/2014,360
05/07/2014,387
06/07/2014,369
07/07/2014,348
08/07/2014,353
09/07/2014,358
10/07/2014,355
11/07/2014,379
12/07/2014,364
13/07/2014,386
14/07/2014,366
15/07/2014,325
16/07/2014,365
17/07/2014,384
18/07/2014,372
19/07/2014,407
20/07/2014,381
21/07/2014,381
22/07/2014,396
23/07/2014,372
24/07/2014,335
25/07/2014,374
26/07/2014,401
27/07/2014,382
28/07/2014,371
29/07/2014,388
30/07/2014,387
31/07/2014,385
01/08/2014,418
02/08/2014,347
03/08/2014,409
04/08/2014,385
05/08/2014,396
06/08/2014,417
07/08/2014,388
08/08/2014,364
09/08/2014,389
10/08/2014,425
11/08/2014,385
12/08/2014,371
13/08/2014,404
14/08/2014,412
15/08/2014,406
16/08/2014,398
17/08/2014,381
18/08/2014,386
19/08/2014,424
20/08/2014,407
21/08/2014,399
22/08/2014,408
23/08/2014,407
24/08/2014,425
25/08/2014,392
26/08/2014,412
27/08/2014,388
28/08/2014,391
29/08/2014,400
30/08/2014,414
31/08/2014,394
01/09/2014,445
02/09/2014,380
03/09/2014,425
04/09/2014,409
05/09/2014,399
06/09/2014,420
07/09/2014,387
08/09/2014,382
09/09/2014,430
10/09/2014,421
11/09/2014,440
12/09/2014,431
13/09/2014,397
14/09/2014,444
15/09/2014,395
16/09/2014,433
17/09/2014,403
18/09/2014,383
19/09/2014,400
20/09/2014,429
21/09/2014,422
22/09/2014,416
23/09/2014,432
24/09/2014,429
25/09/2014,443
26/09/2014,412
27/09/2014,446
28/09/2014,416
29/09/2014,431
30/09/2014,418
01/10/2014,456
02/10/2014,413
03/10/2014,433
04/10/2014,435
05/10/2014,414
06/10/2014,433
07/10/2014,462
08/10/2014,460
09/10/2014,410
10/10/2014,434
11/10/2014,428
12/10/2014,425
13/10/2014,456
14/10/2014,456
15/10/2014,453
16/10/2014,441
17/10/2014,449
18/10/2014,445
19/10/2014,431
20/10/2014,441
21/10/2014,449
22/10/2014,452
23/10/2014,431
24/10/2014,438
25/10/2014,423
26/10/2014,413
27/10/2014,442
28/10/2014,440
29/10/2014,476
30/10/2014,418
31/10/2014,444
01/11/2014,453
02/11/2014,468
03/11/2014,442
04/11/2014,432
05/11/2014,466
06/11/2014,433
07/11/2014,453
08/11/2014,491
09/11/2014,463
10/11/2014,454
11/11/2014,445
12/11/2014,480
13/11/2014,465
14/11/2014,447
15/11/2014,476
16/11/2014,441
17/11/2014,470
18/11/2014,467
19/11/2014,498
20/11/2014,471
21/11/2014,470
22/11/2014,494
23/11/2014,482
24/11/2014,485
25/11/2014,451
26/11/2014,479
27/11/2014,499
28/11/2014,475
29/11/2014,502
30/11/2014,457
01/12/2014,449
02/12/2014,514
03/12/2014,472
04/12/2014,485
05/12/2014,465
06/12/2014,486
07/12/2014,442
08/12/2014,478
09/12/2014,519
10/12/2014,504
11/12/2014,491
12/12/2014,482
13/12/2014,477
14/12/2014,482
15/12/2014,512
16/12/2014,520
17/12/2014,461
18/12/2014,477
19/12/2014,485
20/12/2014,512
21/12/2014,471
22/12/2014,528
23/12/2014,479
24/12/2014,508
25/12/2014,498
26/12/2014,486
27/12/2014,499
28/12/2014,508
29/12/2014,516
30/12/2014,471
31/12/2014,504
01/01/2015,474
02/01/2015,517
03/01/2015,491
04/01/2015,498
05/01/2015,495
06/01/2015,504
07/01/2015,526
08/01/2015,466
09/01/2015,506
10/01/2015,492
11/01/2015,517
12/01/2015,526
13/01/2015,529
14/01/2015,532
15/01/2015,475
16/01/2015,529
17/01/2015,508
18/01/2015,512
19/01/2015,503
20/01/2015,542
21/01/2015,513
22/01/2015,549
23/01/2015,515
24/01/2015,510
25/01/2015,530
26/01/2015,501
27/01/2015,537
28/01/2015,555
29/01/2015,532
30/01/2015,534
31/01/2015,511
01/02/2015,520
02/02/2015,512
03/02/2015,554
04/02/2015,548
05/02/2015,571
06/02/2015,495
07/02/2015,506
08/02/2015,555
09/02/2015,535
10/02/2015,562
11/02/2015,542
12/02/2015,535
13/02/2015,558
14/02/2015,561
15/02/2015,554
16/02/2015,527
17/02/2015,553
18/02/2015,548
19/02/2015,575
20/02/2015,545
21/02/2015,546
22/02/2015,575
23/02/2015,543
24/02/2015,611
25/02/2015,544
26/02/2015,576
27/02/2015,493
28/02/2015,541
01/03/2015,589
02/03/2015,582
03/03/2015,524
04/03/2015,581
05/03/2015,548
06/03/2015,577
07/03/2015,578
08/03/2015,575
09/03/2015,568
10/03/2015,575
11/03/2015,569
12/03/2015,576
13/03/2015,573
14/03/2015,549
15/03/2015,596
16/03/2015,572
17/03/2015,583
18/03/2015,608
19/03/2015,577
20/03/2015,608
21/03/2015,595
22/03/2015,603
23/03/2015,586
24/03/2015,544
25/03/2015,598
26/03/2015,590
27/03/2015,582
28/03/2015,582
29/03/2015,597
30/03/2015,560
31/03/2015,591
01/04/2015,611
02/04/2015,593
03/04/2015,568
04/04/2015,602
05/04/2015,627
06/04/2015,622
07/04/2015,602
08/04/2015,615
09/04/2015,604
10/04/2015,591
11/04/2015,606
12/04/2015,631
13/04/2015,599
14/04/2015,633
15/04/2015,605
16/04/2015,616
17/04/2015,599
18/04/2015,626
19/04/2015,597
20/04/2015,622
21/04/2015,629
22/04/2015,605
23/04/2015,626
24/04/2015,625
25/04/2015,649
26/04/2015,629
27/04/2015,641
28/04/2015,601
29/04/2015,591
30/04/2015,642
01/05/2015,613
02/05/2015,639
03/05/2015,666
04/05/2015,633
05/05/2015,588
06/05/2015,646
07/05/2015,641
08/05/2015,632
09/05/2015,651
10/05/2015,662
11/05/2015,625
12/05/2015,659
13/05/2015,629
14/05/2015,666
15/05/2015,623
16/05/2015,636
17/05/2015,606
18/05/2015,669
19/05/2015,684
20/05/2015,654
21/05/2015,654
22/05/2015,623
23/05/2015,636
24/05/2015,637
25/05/2015,696
26/05/2015,629
27/05/2015,688
28/05/2015,637
29/05/2015,644
30/05/2015,664
31/05/2015,662
01/06/2015,656
02/06/2015,670
03/06/2015,653
04/06/2015,650
05/06/2015,650
06/06/2015,637
07/06/2015,644
08/06/2015,673
09/06/2015,682
10/06/2015,664
11/06/2015,681
12/06/2015,622
13/06/2015,661
14/06/2015,663
15/06/2015,650
16/06/2015,697
17/06/2015,666
18/06/2015,693
19/06/2015,658
20/06/2015,667
21/06/2015,673
22/06/2015,738
23/06/2015,672
24/06/2015,688
25/06/2015,613
26/06/2015,700
27/06/2015,730
28/06/2015,697
29/06/2015,652
30/06/2015,703
01/07/2015,631
02/07/2015,676
03/07/2015,718
04/07/2015,742
05/07/2015,672
06/07/2015,688
07/07/2015,655
08/07/2015,721
09/07/2015,684
10/07/2015,690
11/07/2015,682
12/07/2015,724
13/07/2015,650
14/07/2015,683
15/07/2015,684
16/07/2015,693
17/07/2015,688
18/07/2015,719
19/07/2015,696
20/07/2015,685
21/07/2015,702
22/07/2015,720
23/07/2015,742
24/07/2015,662
25/07/2015,735
26/07/2015,734
27/07/2015,703
28/07/2015,743
29/07/2015,674
30/07/2015,691
31/07/2015,744
01/08/2015,690
02/08/2015,735
03/08/2015,737
04/08/2015,723
05/08/2015,739
06/08/2015,722
07/08/2015,752
08/08/2015,692
09/08/2015,770
10/08/2015,665
11/08/2015,714
12/08/2015,755
13/08/2015,748
14/08/2015,723
15/08/2015,741
16/08/2015,748
17/08/2015,729
18/08/2015,727
19/08/2015,765
20/08/2015,732
21/08/2015,699
22/08/2015,749
23/08/2015,728
24/08/2015,752
25/08/2015,780
26/08/2015,747
27/08/2015,772
28/08/2015,767
29/08/2015,712
30/08/2015,762
31/08/2015,759
01/09/2015,752
02/09/2015,798
03/09/2015,746
04/09/2015,765
05/09/2015,774
06/09/2015,732
07/09/2015,725
08/09/2015,814
09/09/2015,763
10/09/2015,765
11/09/2015,755
12/09/2015,744
13/09/2015,806
14/09/2015,785
15/09/2015,799
16/09/2015,766
17/09/2015,747
18/09/2015,772
19/09/2015,807
20/09/2015,764
21/09/2015,791
22/09/2015,771
23/09/2015,763
24/09/2015,799
25/09/2015,798
26/09/2015,872
27/09/2015,767
28/09/2015,782
29/09/2015,776
30/09/2015,834
01/10/2015,783
02/10/2015,816
03/10/2015,879
04/10/2015,821
05/10/2015,778
06/10/2015,839
07/10/2015,790
08/10/2015,835
09/10/2015,859
10/10/2015,796
11/10/2015,803
12/10/2015,805
13/10/2015,819
14/10/2015,815
15/10/2015,875
16/10/2015,791
17/10/2015,801
18/10/2015,823
19/10/2015,836
20/10/2015,819
21/10/2015,841
22/10/2015,771
23/10/2015,869
24/10/2015,854
25/10/2015,826
26/10/2015,817
27/10/2015,772
28/10/2015,872
29/10/2015,856
30/10/2015,822
31/10/2015,807
01/11/2015,822
02/11/2015,830
03/11/2015,817
04/11/2015,868
05/11/2015,843
06/11/2015,834
07/11/2015,792
08/11/2015,849
09/11/2015,808
10/11/2015,911
11/11/2015,826
12/11/2015,854
13/11/2015,849
14/11/2015,811
15/11/2015,865
16/11/2015,838
17/11/2015,893
18/11/2015,852
19/11/2015,856
20/11/2015,858
21/11/2015,855
22/11/2015,875
23/11/2015,840
24/11/2015,839
25/11/2015,918
26/11/2015,843
27/11/2015,861
28/11/2015,888
29/11/2015,840
30/11/2015,897
01/12/2015,906
02/12/2015,848
03/12/2015,868
04/12/2015,926
05/12/2015,889
06/12/2015,845
07/12/2015,899
08/12/2015,903
09/12/2015,897
10/12/2015,869
11/12/2015,844
12/12/2015,945
13/12/2015,865
14/12/2015,891
15/12/2015,879
16/12/2015,854
17/12/2015,941
18/12/2015,895
19/12/2015,932
20/12/2015,908
21/12/2015,938
22/12/2015,878
23/12/2015,902
24/12/2015,879
25/12/2015,937
26/12/2015,919
27/12/2015,862
28/12/2015,919
29/12/2015,953
30/12/2015,846
31/12/2015,876
01/01/2016,918
02/01/2016,956
03/01/2016,900
04/01/2016,885
05/01/2016,931
06/01/2016,939
07/01/2016,930
08/01/2016,943
09/01/2016,900
10/01/2016,953
11/01/2016,900
12/01/2016,943
13/01/2016,970
14/01/2016,942
15/01/2016,930
16/01/2016,947
17/01/2016,936
18/01/2016,939
19/01/2016,961
20/01/2016,932
21/01/2016,998
22/01/2016,945
23/01/2016,935
24/01/2016,955
25/01/2016,972
26/01/2016,933
27/01/2016,954
28/01/2016,952
29/01/2016,973
30/01/2016,988
31/01/2016,973
01/02/2016,947
02/02/2016,917
03/02/2016,992
04/02/2016,1012
05/02/2016,927
06/02/2016,948
07/02/2016,996
08/02/2016,971
09/02/2016,929
10/02/2016,989
11/02/2016,959
12/02/2016,971
13/02/2016,1025
14/02/2016,972
15/02/2016,974
16/02/2016,983
17/02/2016,1019
18/02/2016,978
19/02/2016,1038
20/02/2016,964
21/02/2016,954
22/02/2016,1005
23/02/2016,1000
24/02/2016,1044
25/02/2016,1011
26/02/2016,990
27/02/2016,1077
28/02/2016,993
29/02/2016,1013
01/03/2016,1021
02/03/2016,1027
03/03/2016,996
04/03/2016,1036
05/03/2016,1044
06/03/2016,949
07/03/2016,1042
08/03/2016,1028
09/03/2016,1035
10/03/2016,1035
11/03/2016,1008
12/03/2016,1056
13/03/2016,1033
14/03/2016,1049
15/03/2016,1013
16/03/2016,1064
17/03/2016,1073
18/03/2016,1010
19/03/2016,1064
20/03/2016,1031
21/03/2016,1029
22/03/2016,1023
23/03/2016,1033
24/03/2016,1097
25/03/2016,1043
26/03/2016,1027
27/03/2016,1047
28/03/2016,1094
29/03/2016,1033
30/03/2016,1058
31/03/2016,1067
01/04/2016,1081
02/04/2016,1026
03/04/2016,1084
04/04/2016,1116
05/04/2016,1030
06/04/2016,1053
07/04/2016,1045
08/04/2016,1041
09/04/2016,1100
10/04/2016,1047
11/04/2016,1048
12/04/2016,1079
13/04/2016,1070
14/04/2016,1078
15/04/2016,1065
16/04/2016,1053
17/04/2016,1063
18/04/2016,1085
19/04/2016,1124
20/04/2016,1080
21/04/2016,1120
22/04/2016,1076
23/04/2016,1124
24/04/2016,1083
25/04/2016,1065
26/04/2016,1065
27/04/2016,1088
28/04/2016,1135
29/04/2016,1073
30/04/2016,1127
01/05/2016,1103
02/05/2016,1113
03/05/2016,1124
04/05/2016,1118
05/05/2016,1137
06/05/2016,1071
07/05/2016,1072
08/05/2016,1129
09/05/2016,1074
10/05/2016,1121
11/05/2016,1120
12/05/2016,1124
13/05/2016,1135
14/05/2016,1200
15/05/2016,1117
16/05/2016,1151
17/05/2016,1092
18/05/2016,1184
19/05/2016,1143
20/05/2016,1141
21/05/2016,1113
22/05/2016,1114
23/05/2016,1193
24/05/2016,1132
25/05/2016,1180
26/05/2016,1178
27/05/2016,1120
28/05/2016,1193
29/05/2016,1139
30/05/2016,1186
31/05/2016,1146
01/06/2016,1148
02/06/2016,1179
03/06/2016,1136
04/06/2016,1157
05/06/2016,1158
06/06/2016,1168
07/06/2016,1167
08/06/2016,1193
09/06/2016,1138
10/06/2016,1212
11/06/2016,1147
12/06/2016,1197
13/06/2016,1221
14/06/2016,1149
15/06/2016,1217
16/06/2016,1159
17/06/2016,1173
18/06/2016,1237
19/06/2016,1183
20/06/2016,1240
21/06/2016,1209
22/06/2016,1206
23/06/2016,1165
24/06/2016,1224
25/06/2016,1229
26/06/2016,1169
27/06/2016,1255
28/06/2016,1233
29/06/2016,1241
30/06/2016,1249
01/07/2016,1219
02/07/2016,1263
03/07/2016,1210
04/07/2016,1186
05/07/2016,1290
06/07/2016,1245
07/07/2016,1186
08/07/2016,1221
09/07/2016,1241
10/07/2016,1236
11/07/2016,1250
12/07/2016,1211
13/07/2016,1258
14/07/2016,1255
15/07/2016,1221
16/07/2016,1237
17/07/2016,1289
18/07/2016,1260
19/07/2016,1289
20/07/2016,1245
21/07/2016,1292
22/07/2016,1268
23/07/2016,1276
24/07/2016,1303
25/07/2016,1308
26/07/2016,1306
27/07/2016,1242
28/07/2016,1282
29/07/2016,1319
30/07/2016,1281
31/07/2016,1286
01/08/2016,1324
02/08/2016,1314
03/08/2016,1260
04/08/2016,1347
05/08/2016,1272
06/08/2016,1279
07/08/2016,1286
08/08/2016,1345
09/08/2016,1309
10/08/2016,1375
11/08/2016,1277
12/08/2016,1363
13/08/2016,1347
14/08/2016,1307
15/08/2016,1328
16/08/2016,1341
17/08/2016,1347
18/08/2016,1326
19/08/2016,1347
20/08/2016,1349
21/08/2016,1317
22/08/2016,1345
23/08/2016,1324
24/08/2016,1348
25/08/2016,1364
26/08/2016,1358
27/08/2016,1298
28/08/2016,1378
29/08/2016,1308
30/08/2016,1409
31/08/2016,1376
01/09/2016,1309
02/09/2016,1376
03/09/2016,1424
04/09/2016,1342
05/09/2016,1378
06/09/2016,1383
07/09/2016,1414
08/09/2016,1336
09/09/2016,1364
10/09/2016,1369
11/09/2016,1385
12/09/2016,1348
13/09/2016,1385
14/09/2016,1439
15/09/2016,1384
16/09/2016,1379
17/09/2016,1422
18/09/2016,1357
19/09/2016,1439
20/09/2016,1424
21/09/2016,1388
22/09/2016,1408
23/09/2016,1329
24/09/2016,1425
25/09/2016,1394
26/09/2016,1418
27/09/2016,1421
28/09/2016,1388
29/09/2016,1407
30/09/2016,1447
01/10/2016,1416
02/10/2016,1496
03/10/2016,1419
04/10/2016,1439
05/10/2016,1446
06/10/2016,1475
07/10/2016,1460
08/10/2016,1457
09/10/2016,1452
10/10/2016,1465
11/10/2016,1420
12/10/2016,1456
13/10/2016,1534
14/10/2016,1425
15/10/2016,1495
16/10/2016,1445
17/10/2016,1431
18/10/2016,1485
19/10/2016,1503
20/10/2016,1435
21/10/2016,1490
22/10/2016,1507
23/10/2016,1446
24/10/2016,1485
25/10/2016,1525
26/10/2016,1499
27/10/2016,1513
28/10/2016,1485
29/10/2016,1513
30/10/2016,1491
31/10/2016,1578
01/11/2016,1575
02/11/2016,1504
03/11/2016,1499
04/11/2016,1497
05/11/2016,1532
06/11/2016,1539
07/11/2016,1598
08/11/2016,1535
09/11/2016,1523
10/11/2016,1572
11/11/2016,1511
12/11/2016,1479
13/11/2016,1571
14/11/2016,1528
15/11/2016,1539
16/11/2016,1530
17/11/2016,1529
18/11/2016,1550
19/11/2016,1536
20/11/2016,1577
21/11/2016,1552
22/11/2016,1631
23/11/2016,1543
24/11/2016,1554
25/11/2016,1633
26/11/2016,1569
27/11/2016,1570
28/11/2016,1587
29/11/2016,1562
30/11/2016,1541
01/12/2016,1613
02/12/2016,1630
03/12/2016,1586
04/12/2016,1583
05/12/2016,1570
06/12/2016,1622
07/12/2016,1554
08/12/2016,1657
09/12/2016,1619
10/12/2016,1585
11/12/2016,1619
12/12/2016,1657
13/12/2016,1619
14/12/2016,1637
15/12/2016,1607
16/12/2016,1661
17/12/2016,1620
18/12/2016,1609
19/12/2016,1665
20/12/2016,1623
21/12/2016,1664
22/12/2016,1585
23/12/2016,1626
24/12/2016,1660
25/12/2016,1704
26/12/2016,1666
27/12/2016,1654
28/12/2016,1635
29/12/2016,1640
30/12/2016,1626
31/12/2016,1747
01/01/2017,1655
02/01/2017,1648
03/01/2017,1694
04/01/2017,1700
05/01/2017,1720
06/01/2017,1743
07/01/2017,1624
08/01/2017,1710
09/01/2017,1719
10/01/2017,1753
11/01/2017,1730
12/01/2017,1740
13/01/2017,1718
14/01/2017,1721
15/01/2017,1714
16/01/2017,1767
17/01/2017,1697
18/01/2017,1770
19/01/2017,1733
20/01/2017,1751
21/01/2017,1785
22/01/2017,1774
23/01/2017,1730
24/01/2017,1750
25/01/2017,1686
26/01/2017,1804
27/01/2017,1764
28/01/2017,1780
29/01/2017,1712
30/01/2017,1788
31/01/2017,1722
01/02/2017,1731
02/02/2017,1756
03/02/2017,1813
04/02/2017,1772
05/02/2017,1804
06/02/2017,1767
07/02/2017,1778
08/02/2017,1855
09/02/2017,1751
10/02/2017,1796
11/02/2017,1818
12/02/2017,1766
13/02/2017,1787
14/02/2017,1745
15/02/2017,1783
16/02/2017,1872
17/02/2017,1818
18/02/2017,1775
19/02/2017,1856
20/02/2017,1848
21/02/2017,1886
22/02/2017,1790
23/02/2017,1805
24/02/2017,1850
25/02/2017,1880
26/02/2017,1853
27/02/2017,1846
28/02/2017,1863
01/03/2017,1827
02/03/2017,1835
03/03/2017,1873
04/03/2017,1885
05/03/2017,1916
06/03/2017,1848
07/03/2017,1894
08/03/2017,1875
09/03/2017,1867
10/03/2017,1958
11/03/2017,1867
12/03/2017,1935
13/03/2017,1852
14/03/2017,1799
15/03/2017,1884
16/03/2017,1955
17/03/2017,1881
18/03/2017,1871
19/03/2017,1956
20/03/2017,1883
21/03/2017,1925
22/03/2017,1909
23/03/2017,1890
24/03/2017,1948
25/03/2017,1882
26/03/2017,1926
27/03/2017,1956
28/03/2017,1920
29/03/2017,1991
30/03/2017,1904
31/03/2017,1937
01/04/2017,1884
02/04/2017,1966
03/04/2017,1907
04/04/2017,1933
05/04/2017,1916
06/04/2017,1968
07/04/2017,1996
08/04/2017,1971
09/04/2017,1996
10/04/2017,1962
11/04/2017,2053
12/04/2017,1954
13/04/2017,2016
14/04/2017,1944
15/04/2017,2044
16/04/2017,2015
17/04/2017,1995
18/04/2017,2023
19/04/2017,1924
20/04/2017,2006
21/04/2017,2049
22/04/2017,2004
23/04/2017,1945
24/04/2017,2051
25/04/2017,1965
26/04/2017,2155
27/04/2017,2036
28/04/2017,2068
29/04/2017,2045
30/04/2017,2055
01/05/2017,1994
02/05/2017,2049
03/05/2017,1995
04/05/2017,2062
05/05/2017,2082
06/05/2017,2110
07/05/2017,2140
08/05/2017,2082
09/05/2017,2065
10/05/2017,2084
11/05/2017,2123
12/05/2017,2060
13/05/2017,2173
14/05/2017,2042
15/05/2017,2068
16/05/2017,2140
17/05/2017,2116
18/05/2017,2120
19/05/2017,2091
20/05/2017,2129
21/05/2017,2178
22/05/2017,2116
23/05/2017,2115
24/05/2017,2171
25/05/2017,2094
26/05/2017,2153
27/05/2017,2120
28/05/2017,2131
29/05/2017,2096
30/05/2017,2165
31/05/2017,2146
01/06/2017,2159
02/06/2017,2148
03/06/2017,2196
04/06/2017,2146
05/06/2017,2185
06/06/2017,2185
07/06/2017,2103
08/06/2017,2223
09/06/2017,2177
10/06/2017,2209
11/06/2017,2211
12/06/2017,2202
13/06/2017,2167
14/06/2017,2225
15/06/2017,2222
16/06/2017,2207
17/06/2017,2208
18/06/2017,2172
19/06/2017,2191
20/06/2017,2195
21/06/2017,2335
22/06/2017,2264
23/06/2017,2200
24/06/2017,2239
25/06/2017,2203
26/06/2017,2323
27/06/2017,2217
28/06/2017,2273
29/06/2017,2291
30/06/2017,2197
01/07/2017,2239
02/07/2017,2400
03/07/2017,2338
04/07/2017,2250
05/07/2017,2293
06/07/2017,2258
07/07/2017,2345
08/07/2017,2282
09/07/2017,2351
10/07/2017,2301
11/07/2017,2279
12/07/2017,2352
13/07/2017,2361
14/07/2017,2355
15/07/2017,2348
16/07/2017,2347
17/07/2017,2293
18/07/2017,2321
19/07/2017,2415
20/07/2017,2362
21/07/2017,2425
22/07/2017,2303
23/07/2017,2467
24/07/2017,2351
25/07/2017,2354
26/07/2017,2321
27/07/2017,2394
28/07/2017,2344
29/07/2017,2377
30/07/2017,2479
31/07/2017,2347
01/08/2017,2376
02/08/2017,2386
03/08/2017,2336
04/08/2017,2439
05/08/2017,2405
06/08/2017,2434
07/08/2017,2386
08/08/2017,2406
09/08/2017,2469
10/08/2017,2397
11/08/2017,2421
12/08/2017,2442
13/08/2017,2414
14/08/2017,2483
15/08/2017,2449
16/08/2017,2503
17/08/2017,2410
18/08/2017,2468
19/08/2017,2479
20/08/2017,2469
21/08/2017,2442
22/08/2017,2543
23/08/2017,2553
24/08/2017,2411
25/08/2017,2466
26/08/2017,2466
27/08/2017,2592
28/08/2017,2541
29/08/2017,2531
30/08/2017,2550
31/08/2017,2347
01/09/2017,2592
02/09/2017,2549
03/09/2017,2596
04/09/2017,2555
05/09/2017,2541
06/09/2017,2526
07/09/2017,2588
08/09/2017,2543
09/09/2017,2564
10/09/2017,2632
11/09/2017,2515
12/09/2017,2558
13/09/2017,2579
14/09/2017,2569
15/09/2017,2563
16/09/2017,2676
17/09/2017,2594
18/09/2017,2615
19/09/2017,2643
20/09/2017,2598
21/09/2017,2590
22/09/2017,2645
23/09/2017,2601
24/09/2017,2632
25/09/2017,2730
26/09/2017,2625
27/09/2017,2644
28/09/2017,2631
29/09/2017,2726
30/09/2017,2607
01/10/2017,2727
02/10/2017,2636
03/10/2017,2605
04/10/2017,2687
05/10/2017,2653
06/10/2017,2723
07/10/2017,2700
08/10/2017,2679
09/10/2017,2682
10/10/2017,2734
11/10/2017,2622
12/10/2017,2795
13/10/2017,2705
14/10/2017,2665
15/10/2017,2712
16/10/2017,2722
17/10/2017,2662
18/10/2017,2796
19/10/2017,2720
20/10/2017,2767
21/10/2017,2735
22/10/2017,2790
23/10/2017,2791
24/10/2017,2711
25/10/2017,2766
26/10/2017,2762
27/10/2017,2817
28/10/2017,2763
29/10/2017,2744
30/10/2017,2746
31/10/2017,2751
01/11/2017,2830
02/11/2017,2811
03/11/2017,2867
04/11/2017,2779
05/11/2017,2810
06/11/2017,2875
07/11/2017,2906
08/11/2017,2763
09/11/2017,2818
10/11/2017,2804
11/11/2017,2818
12/11/2017,2782
13/11/2017,2904
14/11/2017,2919
15/11/2017,2872
16/11/2017,2884
17/11/2017,2826
18/11/2017,2818
19/11/2017,2874
20/11/2017,2887
21/11/2017,2979
22/11/2017,2858
23/11/2017,2818
24/11/2017,2928
25/11/2017,2918
26/11/2017,2889
27/11/2017,2901
28/11/2017,2860
29/11/2017,2906
30/11/2017,2931
01/12/2017,2908
02/12/2017,2937
03/12/2017,2907
04/12/2017,2910
05/12/2017,2907
06/12/2017,2986
07/12/2017,2955
08/12/2017,2922
09/12/2017,2995
10/12/2017,2853
11/12/2017,2974
12/12/2017,3023
13/12/2017,3001
14/12/2017,2941
15/12/2017,2970
16/12/2017,2961
17/12/2017,3050
18/12/2017,2991
19/12/2017,3028
20/12/2017,3022
21/12/2017,3028
22/12/2017,3113
23/12/2017,3105
24/12/2017,3028
25/12/2017,3061
26/12/2017,3027
27/12/2017,3013
28/12/2017,2958
29/12/2017,3148
30/12/2017,3055
31/12/2017,3103
01/01/2018,3112
02/01/2018,3045
03/01/2018,3014
04/01/2018,3074
05/01/2018,3107
06/01/2018,3130
07/01/2018,3104
08/01/2018,3084
09/01/2018,3095
10/01/2018,3176
11/01/2018,3091
12/01/2018,3127
13/01/2018,3139
14/01/2018,3092
15/01/2018,3168
16/01/2018,3179
17/01/2018,3183
18/01/2018,3166
19/01/2018,3118
20/01/2018,3128
21/01/2018,3161
22/01/2018,3222
23/01/2018,3129
24/01/2018,3164
25/01/2018,3193
26/01/2018,3181
27/01/2018,3260
28/01/2018,3248
29/01/2018,3180
30/01/2018,3138
31/01/2018,3300
01/02/2018,3278
02/02/2018,3198
03/02/2018,3326
04/02/2018,3200
05/02/2018,3327
06/02/2018,3143
07/02/2018,3256
08/02/2018,3268
09/02/2018,3210
10/02/2018,3276
11/02/2018,3274
12/02/2018,3290
13/02/2018,3333
14/02/2018,3238
15/02/2018,3277
16/02/2018,3258
17/02/2018,3331
18/02/2018,3385
19/02/2018,3312
20/02/2018,3341
21/02/2018,3261
22/02/2018,3437
23/02/2018,3331
24/02/2018,3174
25/02/2018,3338
26/02/2018,3350
27/02/2018,3394
28/02/2018,3291
01/03/2018,3423
02/03/2018,3393
03/03/2018,3335
04/03/2018,3380
05/03/2018,3460
06/03/2018,3333
07/03/2018,3399
08/03/2018,3322
09/03/2018,3435
10/03/2018,3512
11/03/2018,3466
12/03/2018,3382
13/03/2018,3351
14/03/2018,3471
15/03/2018,3455
16/03/2018,3551
17/03/2018,3508
18/03/2018,3505
19/03/2018,3512
20/03/2018,3421
21/03/2018,3526
22/03/2018,3425
23/03/2018,3426
24/03/2018,3570
25/03/2018,3550
26/03/2018,3596
27/03/2018,3555
28/03/2018,3482
29/03/2018,3588
30/03/2018,3458
31/03/2018,3582
01/04/2018,3630
02/04/2018,3575
03/04/2018,3490
04/04/2018,3668
05/04/2018,3543
06/04/2018,3639
07/04/2018,3551
08/04/2018,3680
09/04/2018,3723
10/04/2018,3657
11/04/2018,3597
12/04/2018,3555
13/04/2018,3694
14/04/2018,3647
15/04/2018,3698
16/04/2018,3616
17/04/2018,3713
18/04/2018,3628
19/04/2018,3749
20/04/2018,3663
21/04/2018,3692
22/04/2018,3693
23/04/2018,3691
24/04/2018,3701
25/04/2018,3762
26/04/2018,3715
27/04/2018,3714
28/04/2018,3679
29/04/2018,3735
30/04/2018,3786
01/05/2018,3688
02/05/2018,3766
03/05/2018,3788
04/05/2018,3792
05/05/2018,3784
06/05/2018,3764
07/05/2018,3793
08/05/2018,3794
09/05/2018,3820
10/05/2018,3860
11/05/2018,3727
12/05/2018,3852
13/05/2018,3828
14/05/2018,3901
15/05/2018,3760
16/05/2018,3946
17/05/2018,3855
18/05/2018,3836
19/05/2018,3906
20/05/2018,3974
21/05/2018,3753
22/05/2018,3957
23/05/2018,3975
24/05/2018,3845
25/05/2018,4007
26/05/2018,3904
27/05/2018,3902
28/05/2018,4013
29/05/2018,3958
30/05/2018,3882
31/05/2018,3925
01/06/2018,3981
02/06/2018,3869
03/06/2018,4013
04/06/2018,4029
05/06/2018,3912
06/06/2018,3989
07/06/2018,3908
08/06/2018,4002
09/06/2018,4031
10/06/2018,3944
11/06/2018,3991
12/06/2018,4028
13/06/2018,4161
14/06/2018,3951
15/06/2018,4096
16/06/2018,4068
17/06/2018,4081
18/06/2018,4024
19/06/2018,4141
20/06/2018,4107
21/06/2018,4087
22/06/2018,4070
23/06/2018,4125
24/06/2018,4117
25/06/2018,4090
26/06/2018,4078
27/06/2018,4128
28/06/2018,4170
29/06/2018,4174
30/06/2018,4176
01/07/2018,4143
02/07/2018,4109
03/07/2018,4072
04/07/2018,4271
05/07/2018,4166
06/07/2018,4175
07/07/2018,4233
08/07/2018,4104
09/07/2018,4129
10/07/2018,4318
11/07/2018,4205
12/07/2018,4180
13/07/2018,4290
14/07/2018,4196
15/07/2018,4240
16/07/2018,4203
17/07/2018,4252
18/07/2018,4390
19/07/2018,4235
20/07/2018,4307
21/07/2018,4204
22/07/2018,4330
23/07/2018,4330
24/07/2018,4364
25/07/2018,4254
26/07/2018,4324
27/07/2018,4273
28/07/2018,4292
29/07/2018,4468
30/07/2018,4288
31/07/2018,4424
01/08/2018,4392
02/08/2018,4386
03/08/2018,4277
04/08/2018,4393
05/08/2018,4329
06/08/2018,4500
07/08/2018,4381
08/08/2018,4407
09/08/2018,4354
10/08/2018,4360
11/08/2018,4543
12/08/2018,4494
13/08/2018,4414
14/08/2018,4476
15/08/2018,4434
16/08/2018,4445
17/08/2018,4485
18/08/2018,4468
19/08/2018,4429
20/08/2018,4479
21/08/2018,4482
22/08/2018,4570
23/08/2018,4506
24/08/2018,4480
25/08/2018,4592
26/08/2018,4598
27/08/2018,4514
28/08/2018,4556
29/08/2018,4578
30/08/2018,4544
31/08/2018,4688
01/09/2018,4538
02/09/2018,4487
03/09/2018,4620
04/09/2018,4602
05/09/2018,4664
06/09/2018,4532
07/09/2018,4704
08/09/2018,4541
09/09/2018,4682
10/09/2018,4665
11/09/2018,4643
12/09/2018,4704
13/09/2018,4700
14/09/2018,4603
15/09/2018,4682
16/09/2018,4763
17/09/2018,4746
18/09/2018,4663
19/09/2018,4677
20/09/2018,4740
21/09/2018,4705
22/09/2018,4703
23/09/2018,4786
24/09/2018,4790
25/09/2018,4730
26/09/2018,4805
27/09/2018,4751
28/09/2018,4796
29/09/2018,4726
30/09/2018,4817
01/10/2018,4808
02/10/2018,4741
03/10/2018,4841
04/10/2018,4882
05/10/2018,4819
06/10/2018,4815
07/10/2018,4804
08/10/2018,4834
09/10/2018,4969
10/10/2018,4764
11/10/2018,4906
12/10/2018,4849
13/10/2018,4928
14/10/2018,4894
15/10/2018,4947
16/10/2018,4896
17/10/2018,4969
18/10/2018,4855
19/10/2018,4891
20/10/2018,4974
21/10/2018,5047
22/10/2018,4981
23/10/2018,4901
24/10/2018,5080
25/10/2018,4968
26/10/2018,4955
27/10/2018,5033
28/10/2018,5096
29/10/2018,4996
30/10/2018,5058
31/10/2018,5068
01/11/2018,4991
02/11/2018,5070
03/11/2018,5054
04/11/2018,5149
05/11/2018,5196
06/11/2018,5084
07/11/2018,5116
08/11/2018,5122
09/11/2018,5053
10/11/2018,5233
11/11/2018,5130
12/11/2018,5170
13/11/2018,5138
14/11/2018,5256
15/11/2018,5195
16/11/2018,5226
17/11/2018,5270
18/11/2018,5201
19/11/2018,5277
20/11/2018,5101
21/11/2018,5239
22/11/2018,5301
23/11/2018,5185
24/11/2018,5294
25/11/2018,5353
26/11/2018,5302
27/11/2018,5250
28/11/2018,5210
29/11/2018,5258
30/11/2018,5332
01/12/2018,5406
02/12/2018,5247
03/12/2018,5368
04/12/2018,5332
05/12/2018,5259
06/12/2018,5303
07/12/2018,5513
08/12/2018,5406
09/12/2018,5388
10/12/2018,5339
11/12/2018,5324
12/12/2018,5387
13/12/2018,5416
14/12/2018,5387
15/12/2018,5542
16/12/2018,5363
17/12/2018,5505
18/12/2018,5454
19/12/2018,5429
20/12/2018,5463
21/12/2018,5515
22/12/2018,5491
23/12/2018,5459
24/12/2018,5557
25/12/2018,5594
26/12/2018,5512
27/12/2018,5580
28/12/2018,5647
29/12/2018,5427
30/12/2018,5589
31/12/2018,5524
01/01/2019,5672
02/01/2019,5623
03/01/2019,5562
04/01/2019,5694
05/01/2019,5548
06/01/2019,5601
07/01/2019,5701
08/01/2019,5603
09/01/2019,5739
10/01/2019,5642
11/01/2019,5636
12/01/2019,5722
13/01/2019,5806
14/01/2019,5717
15/01/2019,5754
16/01/2019,5815
17/01/2019,5718
18/01/2019,5758
19/01/2019,5861
20/01/2019,5822
21/01/2019,5769
22/01/2019,5807
23/01/2019,5836
24/01/2019,5870
25/01/2019,5846
26/01/2019,5870
27/01/2019,5929
28/01/2019,5913
29/01/2019,5937
30/01/2019,5807
31/01/2019,5928
01/02/2019,5750
02/02/2019,5872
03/02/2019,5937
04/02/2019,5932
05/02/2019,5821
06/02/2019,6003
07/02/2019,5980
08/02/2019,5836
09/02/2019,6126
10/02/2019,5985
11/02/2019,5969
12/02/2019,5945
13/02/2019,6013
14/02/2019,6068
15/02/2019,6071
16/02/2019,6053
17/02/2019,6058
18/02/2019,6116
19/02/2019,6044
20/02/2019,6157
21/02/2019,6289
22/02/2019,6040
23/02/2019,6025
24/02/2019,6225
25/02/2019,6085
26/02/2019,6098
27/02/2019,6231
28/02/2019,6043
01/03/2019,6117
02/03/2019,6172
03/03/2019,6270
04/03/2019,6206
05/03/2019,6177
06/03/2019,6317
07/03/2019,6100
08/03/2019,6245
09/03/2019,6274
10/03/2019,6220
11/03/2019,6311
12/03/2019,6335
13/03/2019,6272
14/03/2019,6340
15/03/2019,6302
16/03/2019,6314
17/03/2019,6341
18/03/2019,6219
19/03/2019,6422
20/03/2019,6394
21/03/2019,6362
22/03/2019,6306
23/03/2019,6285
24/03/2019,6447
25/03/2019,6417
26/03/2019,6345
27/03/2019,6404
28/03/2019,6519
29/03/2019,6457
30/03/2019,6495
31/03/2019,6448
01/04/2019,6484
02/04/2019,6480
03/04/2019,6579
04/04/2019,6626
05/04/2019,6465
06/04/2019,6459
07/04/2019,6626
08/04/2019,6614
09/04/2019,6473
10/04/2019,6659
11/04/2019,6593
12/04/2019,6540
13/04/2019,6670
14/04/2019,6586
15/04/2019,6698
16/04/2019,6578
17/04/2019,6573
18/04/2019,6703
19/04/2019,6637
20/04/2019,6766
21/04/2019,6579
22/04/2019,6670
23/04/2019,6770
24/04/2019,6668
25/04/2019,6748
26/04/2019,6788
27/04/2019,6674
28/04/2019,6857
29/04/2019,6804
30/04/2019,6792
01/05/2019,6815
02/05/2019,6811
03/05/2019,6837
04/05/2019,6806
05/05/2019,6795
06/05/2019,6775
07/05/2019,6946
08/05/2019,6866
09/05/2019,6848
10/05/2019,6977
11/05/2019,6939
12/05/2019,6995
13/05/2019,6917
14/05/2019,7061
15/05/2019,6925
16/05/2019,7068
17/05/2019,6940
18/05/2019,7017
19/05/2019,7090
20/05/2019,6948
21/05/2019,7088
22/05/2019,7057
23/05/2019,7112
24/05/2019,6979
25/05/2019,7129
26/05/2019,7149
27/05/2019,7193
28/05/2019,7079
29/05/2019,7148
30/05/2019,7267
31/05/2019,7100
01/06/2019,7158
02/06/2019,7287
03/06/2019,7234
04/06/2019,7287
05/06/2019,7129
06/06/2019,7220
07/06/2019,7233
08/06/2019,7328
09/06/2019,7262
10/06/2019,7267
11/06/2019,7298
12/06/2019,7344
13/06/2019,7353
14/06/2019,7403
15/06/2019,7266
16/06/2019,7450
17/06/2019,7357
18/06/2019,7401
19/06/2019,7343
20/06/2019,7482
21/06/2019,7329
22/06/2019,7544
23/06/2019,7463
24/06/2019,7454
25/06/2019,7440
26/06/2019,7445
27/06/2019,7436
28/06/2019,7556
29/06/2019,7653
30/06/2019,7547
01/07/2019,7543
02/07/2019,7544
03/07/2019,7642
04/07/2019,7557
05/07/2019,7736
06/07/2019,7690
07/07/2019,7372
08/07/2019,7635
09/07/2019,7693
10/07/2019,7665
11/07/2019,7731
12/07/2019,7838
13/07/2019,7726
14/07/2019,7746
15/07/2019,7645
16/07/2019,7698
17/07/2019,7728
18/07/2019,7821
19/07/2019,7905
20/07/2019,7800
21/07/2019,7738
22/07/2019,7971
23/07/2019,7896
24/07/2019,7722
25/07/2019,7925
26/07/2019,7815
27/07/2019,7978
28/07/2019,7719
29/07/2019,7971
30/07/2019,7988
31/07/2019,8040
01/08/2019,7892
02/08/2019,7947
03/08/2019,7840
04/08/2019,8080
05/08/2019,7994
06/08/2019,8009
07/08/2019,7944
08/08/2019,8048
09/08/2019,8007
10/08/2019,8076
11/08/2019,8025
12/08/2019,8062
13/08/2019,8075
14/08/2019,8168
15/08/2019,8021
16/08/2019,8164
17/08/2019,8235
18/08/2019,8198
19/08/2019,8183
20/08/2019,8163
21/08/2019,8190
22/08/2019,8187
23/08/2019,8344
24/08/2019,8123
25/08/2019,8249
26/08/2019,8269
27/08/2019,8198
28/08/2019,8277
29/08/2019,8409
30/08/2019,8319
31/08/2019,8239
01/09/2019,8433
02/09/2019,8247
03/09/2019,8423
04/09/2019,8485
05/09/2019,8180
06/09/2019,8446
07/09/2019,8293
08/09/2019,8583
09/09/2019,8391
10/09/2019,8487
11/09/2019,8582
12/09/2019,8578
13/09/2019,8456
14/09/2019,8549
15/09/2019,8676
16/09/2019,8434
17/09/2019,8694
18/09/2019,8498
19/09/2019,8612
20/09/2019,8558
21/09/2019,8675
22/09/2019,8725
23/09/2019,8602
24/09/2019,8767
25/09/2019,8649
26/09/2019,8642
27/09/2019,8679
28/09/2019,8685
29/09/2019,8717
30/09/2019,8755
01/10/2019,8791
02/10/2019,8744
03/10/2019,8820
04/10/2019,8722
05/10/2019,8916
06/10/2019,8782
07/10/2019,8765
08/10/2019,8961
09/10/2019,8858
10/10/2019,8836
11/10/2019,9081
12/10/2019,8856
13/10/2019,8827
14/10/2019,8981
15/10/2019,9045
16/10/2019,8846
17/10/2019,9084
18/10/2019,8985
19/10/2019,8991
20/10/2019,8995
21/10/2019,9014
22/10/2019,9022
23/10/2019,9100
24/10/2019,9089
25/10/2019,9238
26/10/2019,9008
27/10/2019,9056
28/10/2019,9266
29/10/2019,9160
30/10/2019,9272
31/10/2019,9233
01/11/2019,9198
02/11/2019,9150
03/11/2019,9188
04/11/2019,9311
05/11/2019,9351
06/11/2019,9321
07/11/2019,9314
08/11/2019,9273
09/11/2019,9309
10/11/2019,9492
11/11/2019,9360
12/11/2019,9432
13/11/2019,9407
14/11/2019,9407
15/11/2019,9517
16/11/2019,9532
17/11/2019,9419
18/11/2019,9470
19/11/2019,9726
20/11/2019,9671
21/11/2019,9441
22/11/2019,9497
23/11/2019,9633
24/11/2019,9568
25/11/2019,9782
26/11/2019,9736
27/11/2019,9593
28/11/2019,9662
29/11/2019,9610
30/11/2019,9755
01/12/2019,9652
02/12/2019,9659
03/12/2019,9777
04/12/2019,9852
05/12/2019,9654
06/12/2019,9651
07/12/2019,9652
08/12/2019,9882
09/12/2019,9945
10/12/2019,9857
11/12/2019,9822
12/12/2019,9913
13/12/2019,9820
14/12/2019,9955
15/12/2019,10060
16/12/2019,9916
17/12/2019,10004
18/12/2019,9921
19/12/2019,10086
20/12/2019,10056
21/12/2019,10050
22/12/2019,9975
23/12/2019,9920
24/12/2019,10171
25/12/2019,10072
26/12/2019,10297
27/12/2019,10159
28/12/2019,10193
29/12/2019,10067
30/12/2019,10123
31/12/2019,10214
01/01/2020,10120
02/01/2020,10261
03/01/2020,10285
04/01/2020,10196
05/01/2020,10245
06/01/2020,10254
07/01/2020,10358
08/01/2020,10305
09/01/2020,10299
10/01/2020,10352
11/01/2020,10266
12/01/2020,10416
13/01/2020,10362
14/01/2020,10506
15/01/2020,10563
16/01/2020,10423
17/01/2020,10467
18/01/2020,10461
19/01/2020,10549
20/01/2020,10471
21/01/2020,10578
22/01/2020,10640
23/01/2020,10469
24/01/2020,10488
25/01/2020,10789
26/01/2020,10504
27/01/2020,10526
28/01/2020,10754
29/01/2020,10737
30/01/2020,10635
31/01/2020,10767
01/02/2020,10734
02/02/2020,10626
03/02/2020,10810
04/02/2020,10773
05/02/2020,10869
06/02/2020,10819
07/02/2020,10936
08/02/2020,10667
09/02/2020,10767
10/02/2020,10747
11/02/2020,11013
12/02/2020,10992
13/02/2020,10917
14/02/2020,10933
15/02/2020,10988
16/02/2020,11006
17/02/2020,11178
18/02/2020,10928
19/02/2020,10903
20/02/2020,11090
21/02/2020,11086
22/02/2020,11073
23/02/2020,10950
24/02/2020,11172
25/02/2020,11069
26/02/2020,11275
27/02/2020,11212
28/02/2020,11177
29/02/2020,11331
01/03/2020,11131
02/03/2020,11321
03/03/2020,11313
04/03/2020,11228
05/03/2020,11365
06/03/2020,11398
07/03/2020,11424
08/03/2020,11299
09/03/2020,11301
10/03/2020,11453
11/03/2020,11561
12/03/2020,11521
13/03/2020,11564
14/03/2020,11359
15/03/2020,11410
16/03/2020,11516
17/03/2020,11496
18/03/2020,11651
19/03/2020,11663
20/03/2020,11606
21/03/2020,11587
22/03/2020,11747
23/03/2020,11650
24/03/2020,11811
25/03/2020,11801
26/03/2020,11796
27/03/2020,11672
28/03/2020,11959
29/03/2020,11777
30/03/2020,11753
31/03/2020,11940
01/04/2020,11904
02/04/2020,11936
03/04/2020,11880
04/04/2020,11856
05/04/2020,11793
06/04/2020,11898
07/04/2020,12162
08/04/2020,12106
09/04/2020,12018
10/04/2020,11959
11/04/2020,12197
12/04/2020,11927
13/04/2020,12225
14/04/2020,12279
15/04/2020,11848
16/04/2020,12305
17/04/2020,12263
18/04/2020,12105
19/04/2020,12232
20/04/2020,12170
21/04/2020,12370
22/04/2020,12389
23/04/2020,12344
24/04/2020,12187
25/04/2020,12286
26/04/2020,12506
27/04/2020,12513
28/04/2020,12273
29/04/2020,12530
30/04/2020,12369
01/05/2020,12514
02/05/2020,12431
03/05/2020,12413
04/05/2020,12534
05/05/2020,12601
06/05/2020,12506
07/05/2020,12690
08/05/2020,12668
09/05/2020,12518
10/05/2020,12705
11/05/2020,12600
12/05/2020,12924
13/05/2020,12593
14/05/2020,12529
15/05/2020,12885
16/05/2020,12853
17/05/2020,12750
18/05/2020,12925
19/05/2020,12782
20/05/2020,12809
21/05/2020,12986
22/05/2020,12828
23/05/2020,12831
24/05/2020,13002
25/05/2020,13135
26/05/2020,12979
27/05/2020,12955
28/05/2020,12948
29/05/2020,13018
30/05/2020,13061
31/05/2020,13098
01/06/2020,13113
02/06/2020,13053
03/06/2020,13354
04/06/2020,13063
05/06/2020,13199
06/06/2020,13452
07/06/2020,13125
08/06/2020,13289
09/06/2020,13193
10/06/2020,13258
11/06/2020,13278
12/06/2020,13581
13/06/2020,13364
14/06/2020,13307
15/06/2020,13488
16/06/2020,13464
17/06/2020,13414
18/06/2020,13770
19/06/2020,13451
20/06/2020,13455
21/06/2020,13557
22/06/2020,13696
23/06/2020,13598
24/06/2020,13792
25/06/2020,13397
26/06/2020,13800
27/06/2020,13697
28/06/2020,13736
29/06/2020,13817
30/06/2020,13744
01/07/2020,13665
02/07/2020,13876
03/07/2020,13877
04/07/2020,13835
05/07/2020,13918
06/07/2020,13996
07/07/2020,14030
08/07/2020,13879
09/07/2020,13936
10/07/2020,13923
11/07/2020,14029
12/07/2020,14262
13/07/2020,14092
14/07/2020,14078
15/07/2020,14183
16/07/2020,14211
17/07/2020,14217
18/07/2020,14173
19/07/2020,14237
20/07/2020,14301
21/07/2020,14210
22/07/2020,14405
23/07/2020,14547
24/07/2020,14290
25/07/2020,14337
26/07/2020,14463
27/07/2020,14340
28/07/2020,14367
29/07/2020,14543
30/07/2020,14518
31/07/2020,14655
01/08/2020,14358
02/08/2020,14651
03/08/2020,14668
04/08/2020,14519
05/08/2020,14496
06/08/2020,14670
07/08/2020,14798
08/08/2020,14737
09/08/2020,14558
10/08/2020,14771
11/08/2020,14721
12/08/2020,14929
13/08/2020,14801
14/08/2020,14682
15/08/2020,14955
16/08/2020,14954
17/08/2020,14866
18/08/2020,15060
19/08/2020,14815
20/08/2020,14879
21/08/2020,15123
22/08/2020,15039
23/08/2020,15107
24/08/2020,15009
25/08/2020,15070
26/08/2020,15135
27/08/2020,15207
28/08/2020,15391
29/08/2020,15221
30/08/2020,15268
31/08/2020,15215
01/09/2020,15251
02/09/2020,15286
03/09/2020,15363
04/09/2020,15439
05/09/2020,15275
06/09/2020,15583
07/09/2020,15553
08/09/2020,15312
09/09/2020,15496
10/09/2020,15411
11/09/2020,15521
12/09/2020,15577
13/09/2020,15603
14/09/2020,15790
15/09/2020,15468
16/09/2020,15641
17/09/2020,15783
18/09/2020,15704
19/09/2020,15731
20/09/2020,15829
21/09/2020,15948
22/09/2020,15755
23/09/2020,9526
